x,y,V,Exact,Error
0,0,1,1,0
0.04,0,1,1,0
0.08,0,1,1,0
0.12,0,1,1,0
0.16,0,1,1,0
0.2,0,1,1,0
0.24,0,1,1,0
0.28,0,1,1,0
0.32,0,1,1,0
0.36,0,1,1,0
0.4,0,1,1,0
0.44,0,1,1,0
0.48,0,1,1,0
0.52,0,1,1,0
0.56,0,1,1,0
0.6,0,1,1,0
0.64,0,1,1,0
0.68,0,1,1,0
0.72,0,1,1,0
0.76,0,1,1,0
0.8,0,1,1,0
0.84,0,1,1,0
0.88,0,1,1,0
0.92,0,1,1,0
0.96,0,1,1,0
1,0,1,1,0
1.04,0,1,1,0
1.08,0,1,1,0
1.12,0,1,1,0
1.16,0,1,1,0
1.2,0,1,1,0
1.24,0,1,1,0
1.28,0,1,1,0
1.32,0,1,1,0
1.36,0,1,1,0
1.4,0,1,1,0
1.44,0,1,1,0
1.48,0,1,1,0
1.52,0,1,1,0
1.56,0,1,1,0
1.6,0,1,1,0
1.64,0,1,1,0
1.68,0,1,1,0
1.72,0,1,1,0
1.76,0,1,1,0
1.8,0,1,1,0
1.84,0,1,1,0
1.88,0,1,1,0
1.92,0,1,1,0
1.96,0,1,1,0
2,0,1,1,0
0,0.02,1,1,0
0.04,0.02,1.00179,1.0008,0.000990289
0.08,0.02,1.00359,1.0016,0.0019855
0.12,0.02,1.00539,1.0024,0.00299212
0.16,0.02,1.00722,1.00321,0.00401647
0.2,0.02,1.00907,1.00401,0.00506471
0.24,0.02,1.01095,1.00481,0.00614281
0.28,0.02,1.01287,1.00562,0.00725648
0.32,0.02,1.01483,1.00642,0.00841117
0.36,0.02,1.01684,1.00723,0.00961201
0.4,0.02,1.0189,1.00803,0.0108638
0.44,0.02,1.02101,1.00884,0.0121708
0.48,0.02,1.02318,1.00965,0.013537
0.52,0.02,1.02542,1.01045,0.0149657
0.56,0.02,1.02772,1.01126,0.01646
0.6,0.02,1.03009,1.01207,0.0180221
0.64,0.02,1.03254,1.01288,0.0196535
0.68,0.02,1.03505,1.01369,0.0213553
0.72,0.02,1.03763,1.0145,0.0231274
0.76,0.02,1.04029,1.01532,0.0249692
0.8,0.02,1.04301,1.01613,0.0268789
0.84,0.02,1.0458,1.01694,0.0288536
0.88,0.02,1.04864,1.01776,0.0308891
0.92,0.02,1.05155,1.01857,0.0329801
0.96,0.02,1.05451,1.01939,0.0351195
1,0.02,1.0575,1.0202,0.0372987
1.04,0.02,1.06052,1.02102,0.0395069
1.08,0.02,1.06357,1.02183,0.0417314
1.12,0.02,1.06661,1.02265,0.043957
1.16,0.02,1.06964,1.02347,0.0461659
1.2,0.02,1.07263,1.02429,0.0483374
1.24,0.02,1.07556,1.02511,0.0504474
1.28,0.02,1.0784,1.02593,0.0524683
1.32,0.02,1.08112,1.02675,0.0543685
1.36,0.02,1.08369,1.02757,0.056112
1.4,0.02,1.08605,1.0284,0.057658
1.44,0.02,1.08818,1.02922,0.0589606
1.48,0.02,1.09001,1.03004,0.0599678
1.52,0.02,1.09149,1.03087,0.0606216
1.56,0.02,1.09255,1.03169,0.0608568
1.6,0.02,1.09312,1.03252,0.0606004
1.64,0.02,1.09311,1.03334,0.0597702
1.68,0.02,1.09244,1.03417,0.0582736
1.72,0.02,1.091,1.035,0.0560046
1.76,0.02,1.08867,1.03583,0.0528399
1.8,0.02,1.08529,1.03666,0.0486316
1.84,0.02,1.08068,1.03749,0.0431936
1.88,0.02,1.07459,1.03832,0.0362721
1.92,0.02,1.06662,1.03915,0.0274747
1.96,0.02,1.05603,1.03998,0.0160538
2,0.02,1.04081,1.04081,0
0,0.04,1,1,0
0.04,0.04,1.00358,1.0016,0.00197757
0.08,0.04,1.00717,1.00321,0.00396252
0.12,0.04,1.01078,1.00481,0.00596775
0.16,0.04,1.01443,1.00642,0.00800592
0.2,0.04,1.01812,1.00803,0.0100893
0.24,0.04,1.02188,1.00965,0.0122299
0.28,0.04,1.0257,1.01126,0.0144391
0.32,0.04,1.02961,1.01288,0.0167279
0.36,0.04,1.03361,1.0145,0.0191064
0.4,0.04,1.03771,1.01613,0.0215842
0.44,0.04,1.04193,1.01776,0.02417
0.48,0.04,1.04626,1.01939,0.0268717
0.52,0.04,1.05071,1.02102,0.0296961
0.56,0.04,1.0553,1.02265,0.0326489
0.6,0.04,1.06003,1.02429,0.0357348
0.64,0.04,1.06489,1.02593,0.0389571
0.68,0.04,1.06989,1.02757,0.0423175
0.72,0.04,1.07503,1.02922,0.0458163
0.76,0.04,1.08032,1.03087,0.0494519
0.8,0.04,1.08574,1.03252,0.0532208
0.84,0.04,1.09129,1.03417,0.0571174
0.88,0.04,1.09696,1.03583,0.0611334
0.92,0.04,1.10274,1.03749,0.065258
0.96,0.04,1.10862,1.03915,0.0694771
1,0.04,1.11458,1.04081,0.0737735
1.04,0.04,1.1206,1.04248,0.0781257
1.08,0.04,1.12666,1.04415,0.0825085
1.12,0.04,1.13271,1.04582,0.0868914
1.16,0.04,1.13873,1.04749,0.091239
1.2,0.04,1.14468,1.04917,0.0955098
1.24,0.04,1.15051,1.05085,0.0996557
1.28,0.04,1.15616,1.05253,0.103622
1.32,0.04,1.16156,1.05422,0.107345
1.36,0.04,1.16666,1.05591,0.110752
1.4,0.04,1.17136,1.0576,0.113764
1.44,0.04,1.17558,1.05929,0.116287
1.48,0.04,1.17921,1.06099,0.118219
1.52,0.04,1.18213,1.06269,0.119442
1.56,0.04,1.18422,1.06439,0.119828
1.6,0.04,1.18532,1.06609,0.119229
1.64,0.04,1.18528,1.0678,0.117483
1.68,0.04,1.18391,1.06951,0.114405
1.72,0.04,1.181,1.07122,0.109783
1.76,0.04,1.17631,1.07294,0.103373
1.8,0.04,1.16954,1.07466,0.0948832
1.84,0.04,1.16032,1.07638,0.0839476
1.88,0.04,1.14818,1.0781,0.0700768
1.92,0.04,1.13237,1.07983,0.0525402
1.96,0.04,1.11162,1.08156,0.030069
2,0.04,1.08329,1.08329,0
0,0.06,1,1,0
0.04,0.06,1.00536,1.0024,0.00296026
0.08,0.06,1.01074,1.00481,0.00592786
0.12,0.06,1.01615,1.00723,0.00892212
0.16,0.06,1.02161,1.00965,0.011962
0.2,0.06,1.02714,1.01207,0.0150659
0.24,0.06,1.03276,1.0145,0.0182519
0.28,0.06,1.03848,1.01694,0.021537
0.32,0.06,1.04432,1.01939,0.0249377
0.36,0.06,1.0503,1.02183,0.0284692
0.4,0.06,1.05644,1.02429,0.032146
0.44,0.06,1.06273,1.02675,0.0359812
0.48,0.06,1.06921,1.02922,0.0399864
0.52,0.06,1.07586,1.03169,0.0441719
0.56,0.06,1.08272,1.03417,0.0485465
0.6,0.06,1.08977,1.03666,0.0531171
0.64,0.06,1.09704,1.03915,0.0578885
0.68,0.06,1.10451,1.04164,0.0628635
0.72,0.06,1.11219,1.04415,0.0680426
0.76,0.06,1.12008,1.04666,0.0734234
0.8,0.06,1.12817,1.04917,0.0790008
0.84,0.06,1.13646,1.05169,0.0847662
0.88,0.06,1.14493,1.05422,0.0907074
0.92,0.06,1.15356,1.05675,0.0968082
0.96,0.06,1.16234,1.05929,0.103048
1,0.06,1.17124,1.06184,0.1094
1.04,0.06,1.18022,1.06439,0.115834
1.08,0.06,1.18926,1.06695,0.12231
1.12,0.06,1.19829,1.06951,0.128784
1.16,0.06,1.20728,1.07208,0.135202
1.2,0.06,1.21616,1.07466,0.141503
1.24,0.06,1.22485,1.07724,0.147615
1.28,0.06,1.23328,1.07983,0.153455
1.32,0.06,1.24135,1.08242,0.158928
1.36,0.06,1.24895,1.08502,0.163928
1.4,0.06,1.25596,1.08763,0.168332
1.44,0.06,1.26225,1.09024,0.172003
1.48,0.06,1.26765,1.09286,0.174786
1.52,0.06,1.27199,1.09549,0.176506
1.56,0.06,1.27509,1.09812,0.17697
1.6,0.06,1.27672,1.10076,0.17596
1.64,0.06,1.27663,1.1034,0.17323
1.68,0.06,1.27456,1.10606,0.168505
1.72,0.06,1.27018,1.10871,0.161472
1.76,0.06,1.26314,1.11138,0.151766
1.8,0.06,1.25301,1.11405,0.138959
1.84,0.06,1.23924,1.11672,0.122519
1.88,0.06,1.22116,1.11941,0.101748
1.92,0.06,1.19775,1.1221,0.0756533
1.96,0.06,1.16745,1.12479,0.0426581
2,0.06,1.1275,1.1275,0
0,0.08,1,1,0
0.04,0.08,1.00714,1.00321,0.00393677
0.08,0.08,1.0143,1.00642,0.00787833
0.12,0.08,1.0215,1.00965,0.0118504
0.16,0.08,1.02876,1.01288,0.0158783
0.2,0.08,1.03612,1.01613,0.0199866
0.24,0.08,1.04358,1.01939,0.0241992
0.28,0.08,1.05119,1.02265,0.0285391
0.32,0.08,1.05896,1.02593,0.0330281
0.36,0.08,1.06691,1.02922,0.0376868
0.4,0.08,1.07505,1.03252,0.0425341
0.44,0.08,1.08341,1.03583,0.0475877
0.48,0.08,1.09201,1.03915,0.0528631
0.52,0.08,1.10085,1.04248,0.0583742
0.56,0.08,1.10995,1.04582,0.0641326
0.6,0.08,1.11932,1.04917,0.0701474
0.64,0.08,1.12896,1.05253,0.0764253
0.68,0.08,1.13888,1.05591,0.0829701
0.72,0.08,1.14907,1.05929,0.0897823
0.76,0.08,1.15955,1.06269,0.096859
0.8,0.08,1.17029,1.06609,0.104193
0.84,0.08,1.18128,1.06951,0.111774
0.88,0.08,1.19252,1.07294,0.119585
0.92,0.08,1.20398,1.07638,0.127605
0.96,0.08,1.21563,1.07983,0.135806
1,0.08,1.22744,1.08329,0.144154
1.04,0.08,1.23937,1.08676,0.152606
1.08,0.08,1.25136,1.09024,0.161113
1.12,0.08,1.26335,1.09374,0.169614
1.16,0.08,1.27528,1.09724,0.178038
1.2,0.08,1.28706,1.10076,0.186303
1.24,0.08,1.2986,1.10429,0.194314
1.28,0.08,1.30979,1.10783,0.201961
1.32,0.08,1.3205,1.11138,0.209119
1.36,0.08,1.33058,1.11494,0.215644
1.4,0.08,1.33989,1.11851,0.221375
1.44,0.08,1.34823,1.1221,0.226129
1.48,0.08,1.35539,1.12569,0.2297
1.52,0.08,1.36116,1.1293,0.231857
1.56,0.08,1.36526,1.13292,0.232341
1.6,0.08,1.36742,1.13655,0.230863
1.64,0.08,1.36729,1.1402,0.227098
1.68,0.08,1.36453,1.14385,0.220682
1.72,0.08,1.35872,1.14752,0.211201
1.76,0.08,1.34937,1.15119,0.198177
1.8,0.08,1.33594,1.15488,0.181052
1.84,0.08,1.31773,1.15859,0.159144
1.88,0.08,1.29388,1.1623,0.131581
1.92,0.08,1.2632,1.16602,0.0971788
1.96,0.08,1.22396,1.16976,0.0542026
2,0.08,1.17351,1.17351,0
0,0.1,1,1,0
0.04,0.1,1.00891,1.00401,0.00490548
0.08,0.1,1.01784,1.00803,0.00981068
0.12,0.1,1.02682,1.01207,0.0147478
0.16,0.1,1.03588,1.01613,0.0197483
0.2,0.1,1.04504,1.0202,0.0248432
0.24,0.1,1.05435,1.02429,0.0300623
0.28,0.1,1.06383,1.0284,0.0354344
0.32,0.1,1.0735,1.03252,0.0409867
0.36,0.1,1.0834,1.03666,0.0467449
0.4,0.1,1.09354,1.04081,0.052733
0.44,0.1,1.10396,1.04498,0.0589728
0.48,0.1,1.11465,1.04917,0.0654839
0.52,0.1,1.12566,1.05338,0.0722837
0.56,0.1,1.13698,1.0576,0.0793866
0.6,0.1,1.14864,1.06184,0.0868042
0.64,0.1,1.16064,1.06609,0.094545
0.68,0.1,1.17298,1.07037,0.102614
0.72,0.1,1.18567,1.07466,0.111011
0.76,0.1,1.1987,1.07896,0.119734
0.8,0.1,1.21206,1.08329,0.128773
0.84,0.1,1.22574,1.08763,0.138115
0.88,0.1,1.23973,1.09199,0.14774
0.92,0.1,1.25399,1.09636,0.157622
0.96,0.1,1.26849,1.10076,0.167726
1,0.1,1.28318,1.10517,0.178009
1.04,0.1,1.29802,1.1096,0.18842
1.08,0.1,1.31294,1.11405,0.198895
1.12,0.1,1.32787,1.11851,0.209359
1.16,0.1,1.34272,1.123,0.219726
1.2,0.1,1.35739,1.1275,0.229892
1.24,0.1,1.37176,1.13202,0.23974
1.28,0.1,1.38568,1.13655,0.249132
1.32,0.1,1.39902,1.14111,0.257912
1.36,0.1,1.41158,1.14568,0.265903
1.4,0.1,1.42318,1.15027,0.272903
1.44,0.1,1.43357,1.15488,0.278684
1.48,0.1,1.4425,1.15951,0.282989
1.52,0.1,1.44969,1.16416,0.285532
1.56,0.1,1.45482,1.16883,0.28599
1.6,0.1,1.45751,1.17351,0.284004
1.64,0.1,1.45738,1.17821,0.27917
1.68,0.1,1.45397,1.18294,0.271037
1.72,0.1,1.44677,1.18768,0.259093
1.76,0.1,1.43519,1.19244,0.242755
1.8,0.1,1.41856,1.19722,0.221342
1.84,0.1,1.39605,1.20202,0.194039
1.88,0.1,1.36667,1.20683,0.159832
1.92,0.1,1.32907,1.21167,0.117403
1.96,0.1,1.28148,1.21653,0.0649523
2,0.1,1.2214,1.2214,0
0,0.12,1,1,0
0.04,0.12,1.01068,1.00481,0.00586476
0.08,0.12,1.02137,1.00965,0.0117217
0.12,0.12,1.03211,1.0145,0.0176093
0.16,0.12,1.04295,1.01939,0.0235657
0.2,0.12,1.05392,1.02429,0.0296278
0.24,0.12,1.06505,1.02922,0.0358317
0.28,0.12,1.07638,1.03417,0.0422117
0.32,0.12,1.08795,1.03915,0.0488008
0.36,0.12,1.09978,1.04415,0.0556297
0.4,0.12,1.1119,1.04917,0.0627272
0.44,0.12,1.12434,1.05422,0.0701196
0.48,0.12,1.13712,1.05929,0.0778306
0.52,0.12,1.15027,1.06439,0.0858809
0.56,0.12,1.1638,1.06951,0.0942879
0.6,0.12,1.17772,1.07466,0.103066
0.64,0.12,1.19205,1.07983,0.112225
0.68,0.12,1.20679,1.08502,0.12177
0.72,0.12,1.22195,1.09024,0.131704
0.76,0.12,1.23751,1.09549,0.142021
0.8,0.12,1.25347,1.10076,0.152713
0.84,0.12,1.26982,1.10606,0.163763
0.88,0.12,1.28652,1.11138,0.175146
0.92,0.12,1.30356,1.11672,0.186832
0.96,0.12,1.32088,1.1221,0.19878
1,0.12,1.33844,1.1275,0.21094
1.04,0.12,1.35617,1.13292,0.223248
1.08,0.12,1.374,1.13837,0.23563
1.12,0.12,1.39185,1.14385,0.247998
1.16,0.12,1.4096,1.14935,0.260246
1.2,0.12,1.42714,1.15488,0.272253
1.24,0.12,1.44432,1.16044,0.283877
1.28,0.12,1.46098,1.16602,0.294956
1.32,0.12,1.47694,1.17163,0.305303
1.36,0.12,1.49198,1.17727,0.314705
1.4,0.12,1.50586,1.18294,0.322922
1.44,0.12,1.51831,1.18863,0.329682
1.48,0.12,1.52903,1.19435,0.334678
1.52,0.12,1.53766,1.20009,0.337567
1.56,0.12,1.54383,1.20587,0.337966
1.6,0.12,1.54711,1.21167,0.335444
1.64,0.12,1.54702,1.2175,0.329522
1.68,0.12,1.54302,1.22336,0.319664
1.72,0.12,1.53451,1.22924,0.305264
1.76,0.12,1.5208,1.23516,0.285637
1.8,0.12,1.50109,1.2411,0.259991
1.84,0.12,1.47447,1.24707,0.227393
1.88,0.12,1.43979,1.25307,0.186717
1.92,0.12,1.39565,1.2591,0.136548
1.96,0.12,1.34024,1.26516,0.0750788
2,0.12,1.27125,1.27125,0
0,0.14,1,1,0
0.04,0.14,1.01243,1.00562,0.00681297
0.08,0.14,1.02487,1.01126,0.013608
0.12,0.14,1.03737,1.01694,0.0204301
0.16,0.14,1.04998,1.02265,0.0273237
0.2,0.14,1.06273,1.0284,0.0343322
0.24,0.14,1.07567,1.03417,0.0414975
0.28,0.14,1.08884,1.03998,0.0488598
0.32,0.14,1.10228,1.04582,0.0564576
0.36,0.14,1.11602,1.05169,0.0643268
0.4,0.14,1.1301,1.0576,0.0725012
0.44,0.14,1.14455,1.06354,0.0810113
0.48,0.14,1.15939,1.06951,0.0898849
0.52,0.14,1.17466,1.07552,0.0991462
0.56,0.14,1.19037,1.08156,0.108816
0.6,0.14,1.20654,1.08763,0.11891
0.64,0.14,1.22318,1.09374,0.129441
0.68,0.14,1.24029,1.09988,0.140416
0.72,0.14,1.25789,1.10606,0.151836
0.76,0.14,1.27596,1.11227,0.163697
0.8,0.14,1.2945,1.11851,0.175988
0.84,0.14,1.31348,1.12479,0.188689
0.88,0.14,1.33289,1.13111,0.201775
0.92,0.14,1.35267,1.13746,0.215208
0.96,0.14,1.37279,1.14385,0.228942
1,0.14,1.39319,1.15027,0.242918
1.04,0.14,1.4138,1.15673,0.257064
1.08,0.14,1.43452,1.16323,0.271294
1.12,0.14,1.45527,1.16976,0.285505
1.16,0.14,1.47591,1.17633,0.299576
1.2,0.14,1.4963,1.18294,0.313366
1.24,0.14,1.51629,1.18958,0.326711
1.28,0.14,1.53568,1.19626,0.339422
1.32,0.14,1.55426,1.20298,0.351283
1.36,0.14,1.57178,1.20973,0.362048
1.4,0.14,1.58796,1.21653,0.371437
1.44,0.14,1.60249,1.22336,0.379135
1.48,0.14,1.61501,1.23023,0.384786
1.52,0.14,1.62513,1.23714,0.387993
1.56,0.14,1.63239,1.24408,0.388309
1.6,0.14,1.63631,1.25107,0.385238
1.64,0.14,1.63632,1.2581,0.378224
1.68,0.14,1.63181,1.26516,0.366649
1.72,0.14,1.62208,1.27227,0.349818
1.76,0.14,1.60636,1.27941,0.326948
1.8,0.14,1.58374,1.2866,0.297146
1.84,0.14,1.5532,1.29382,0.259376
1.88,0.14,1.5135,1.30109,0.212416
1.92,0.14,1.46318,1.30839,0.154791
1.96,0.14,1.40045,1.31574,0.0847044
2,0.14,1.32313,1.32313,0
0,0.16,1,1,0
0.04,0.16,1.01417,1.00642,0.00774843
0.08,0.16,1.02835,1.01288,0.0154663
0.12,0.16,1.04259,1.01939,0.0232052
0.16,0.16,1.05695,1.02593,0.031016
0.2,0.16,1.07147,1.03252,0.0389482
0.24,0.16,1.0862,1.03915,0.0470499
0.28,0.16,1.10119,1.04582,0.0553673
0.32,0.16,1.11648,1.05253,0.0639442
0.36,0.16,1.13211,1.05929,0.072822
0.4,0.16,1.14813,1.06609,0.082039
0.44,0.16,1.16457,1.07294,0.0916305
0.48,0.16,1.18145,1.07983,0.101628
0.52,0.16,1.19882,1.08676,0.11206
0.56,0.16,1.21669,1.09374,0.122949
0.6,0.16,1.23507,1.10076,0.134315
0.64,0.16,1.254,1.10783,0.146171
0.68,0.16,1.27347,1.11494,0.158526
0.72,0.16,1.29348,1.1221,0.171382
0.76,0.16,1.31404,1.1293,0.184733
0.8,0.16,1.33512,1.13655,0.198569
0.84,0.16,1.35672,1.14385,0.212867
0.88,0.16,1.37879,1.15119,0.227598
0.92,0.16,1.40131,1.15859,0.24272
0.96,0.16,1.42421,1.16602,0.258181
1,0.16,1.44743,1.17351,0.273915
1.04,0.16,1.47088,1.18105,0.28984
1.08,0.16,1.49449,1.18863,0.305858
1.12,0.16,1.51811,1.19626,0.321855
1.16,0.16,1.54163,1.20394,0.337691
1.2,0.16,1.56488,1.21167,0.353208
1.24,0.16,1.58767,1.21945,0.36822
1.28,0.16,1.60979,1.22728,0.382513
1.32,0.16,1.631,1.23516,0.395841
1.36,0.16,1.65102,1.24309,0.407925
1.4,0.16,1.66952,1.25107,0.418448
1.44,0.16,1.68615,1.2591,0.427051
1.48,0.16,1.70052,1.26719,0.433331
1.52,0.16,1.71216,1.27532,0.436835
1.56,0.16,1.72057,1.28351,0.437058
1.6,0.16,1.72519,1.29175,0.433436
1.64,0.16,1.72539,1.30005,0.42534
1.68,0.16,1.72047,1.30839,0.412072
1.72,0.16,1.70964,1.31679,0.392851
1.76,0.16,1.69205,1.32525,0.366802
1.8,0.16,1.66669,1.33376,0.332937
1.84,0.16,1.63245,1.34232,0.290131
1.88,0.16,1.58802,1.35094,0.237082
1.92,0.16,1.53188,1.35961,0.17227
1.96,0.16,1.46226,1.36834,0.0939198
2,0.16,1.37713,1.37713,0
0,0.18,1,1,0
0.04,0.18,1.0159,1.00723,0.00866947
0.08,0.18,1.0318,1.0145,0.0172932
0.12,0.18,1.04776,1.02183,0.0259295
0.16,0.18,1.06385,1.02922,0.0346356
0.2,0.18,1.08012,1.03666,0.0434674
0.24,0.18,1.09663,1.04415,0.0524791
0.28,0.18,1.11341,1.05169,0.0617228
0.32,0.18,1.13054,1.05929,0.0712477
0.36,0.18,1.14805,1.06695,0.0811006
0.4,0.18,1.16598,1.07466,0.0913247
0.44,0.18,1.18438,1.08242,0.10196
0.48,0.18,1.20328,1.09024,0.113041
0.52,0.18,1.22272,1.09812,0.124601
0.56,0.18,1.24272,1.10606,0.136666
0.6,0.18,1.2633,1.11405,0.149257
0.64,0.18,1.28449,1.1221,0.16239
0.68,0.18,1.30628,1.13021,0.176075
0.72,0.18,1.32869,1.13837,0.190315
0.76,0.18,1.3517,1.1466,0.205104
0.8,0.18,1.37531,1.15488,0.220429
0.84,0.18,1.3995,1.16323,0.236268
0.88,0.18,1.42422,1.17163,0.252586
0.92,0.18,1.44944,1.1801,0.269339
0.96,0.18,1.4751,1.18863,0.286469
1,0.18,1.50112,1.19722,0.303901
1.04,0.18,1.52741,1.20587,0.321546
1.08,0.18,1.55388,1.21458,0.339295
1.12,0.18,1.58038,1.22336,0.357019
1.16,0.18,1.60676,1.2322,0.374566
1.2,0.18,1.63286,1.2411,0.391757
1.24,0.18,1.65846,1.25007,0.408385
1.28,0.18,1.68332,1.2591,0.424212
1.32,0.18,1.70717,1.2682,0.438963
1.36,0.18,1.72969,1.27737,0.452328
1.4,0.18,1.75055,1.2866,0.463952
1.44,0.18,1.76933,1.29589,0.473433
1.48,0.18,1.78558,1.30526,0.480323
1.52,0.18,1.7988,1.31469,0.484114
1.56,0.18,1.80843,1.32419,0.484242
1.6,0.18,1.81384,1.33376,0.480079
1.64,0.18,1.81432,1.3434,0.470925
1.68,0.18,1.8091,1.3531,0.456002
1.72,0.18,1.79733,1.36288,0.434446
1.76,0.18,1.77803,1.37273,0.405297
1.8,0.18,1.75013,1.38265,0.367479
1.84,0.18,1.71242,1.39264,0.319784
1.88,0.18,1.66354,1.4027,0.260841
1.92,0.18,1.60193,1.41284,0.189096
1.96,0.18,1.52584,1.42305,0.102794
2,0.18,1.43333,1.43333,0
0,0.2,1,1,0
0.04,0.2,1.01761,1.00803,0.00957435
0.08,0.2,1.03521,1.01613,0.0190854
0.12,0.2,1.05289,1.02429,0.0285979
0.16,0.2,1.07069,1.03252,0.0381759
0.2,0.2,1.08869,1.04081,0.0478814
0.24,0.2,1.10695,1.04917,0.057775
0.28,0.2,1.12551,1.0576,0.0679144
0.32,0.2,1.14445,1.06609,0.0783548
0.36,0.2,1.1638,1.07466,0.089148
0.4,0.2,1.18363,1.08329,0.100342
0.44,0.2,1.20397,1.09199,0.111981
0.48,0.2,1.22487,1.10076,0.124106
0.52,0.2,1.24635,1.1096,0.136751
0.56,0.2,1.26846,1.11851,0.149945
0.6,0.2,1.29121,1.1275,0.163714
0.64,0.2,1.31463,1.13655,0.178074
0.68,0.2,1.33872,1.14568,0.193038
0.72,0.2,1.36349,1.15488,0.208609
0.76,0.2,1.38894,1.16416,0.22478
0.8,0.2,1.41505,1.17351,0.24154
0.84,0.2,1.4418,1.18294,0.258861
0.88,0.2,1.46915,1.19244,0.276709
0.92,0.2,1.49705,1.20202,0.295035
0.96,0.2,1.52544,1.21167,0.313773
1,0.2,1.55425,1.2214,0.332845
1.04,0.2,1.58336,1.23121,0.352151
1.08,0.2,1.61267,1.2411,0.371573
1.12,0.2,1.64204,1.25107,0.390968
1.16,0.2,1.67129,1.26112,0.41017
1.2,0.2,1.70023,1.27125,0.428983
1.24,0.2,1.72864,1.28146,0.447179
1.28,0.2,1.75625,1.29175,0.464496
1.32,0.2,1.78276,1.30213,0.480632
1.36,0.2,1.80783,1.31259,0.495243
1.4,0.2,1.83107,1.32313,0.50794
1.44,0.2,1.85204,1.33376,0.51828
1.48,0.2,1.87024,1.34447,0.525768
1.52,0.2,1.88511,1.35527,0.529844
1.56,0.2,1.89604,1.36615,0.529887
1.6,0.2,1.90233,1.37713,0.525205
1.64,0.2,1.90321,1.38819,0.515026
1.68,0.2,1.89784,1.39934,0.498499
1.72,0.2,1.88526,1.41058,0.474679
1.76,0.2,1.86443,1.42191,0.442523
1.8,0.2,1.8342,1.43333,0.400871
1.84,0.2,1.79328,1.44484,0.348439
1.88,0.2,1.74024,1.45645,0.283797
1.92,0.2,1.6735,1.46815,0.205358
1.96,0.2,1.59132,1.47994,0.11138
2,0.2,1.49182,1.49182,0
0,0.22,1,1,0
0.04,0.22,1.0193,1.00884,0.0104613
0.08,0.22,1.0386,1.01776,0.0208392
0.12,0.22,1.05796,1.02675,0.0312053
0.16,0.22,1.07746,1.03583,0.0416298
0.2,0.22,1.09716,1.04498,0.0521817
0.24,0.22,1.11715,1.05422,0.0629273
0.28,0.22,1.13747,1.06354,0.0739305
0.32,0.22,1.15819,1.07294,0.0852521
0.36,0.22,1.17937,1.08242,0.0969491
0.4,0.22,1.20106,1.09199,0.109075
0.44,0.22,1.22332,1.10164,0.121678
0.48,0.22,1.24618,1.11138,0.134802
0.52,0.22,1.26969,1.1212,0.148486
0.56,0.22,1.29387,1.13111,0.162764
0.6,0.22,1.31877,1.14111,0.177662
0.64,0.22,1.34439,1.15119,0.193199
0.68,0.22,1.37076,1.16137,0.209389
0.72,0.22,1.39787,1.17163,0.226236
0.76,0.22,1.42573,1.18199,0.243735
0.8,0.22,1.45431,1.19244,0.261871
0.84,0.22,1.4836,1.20298,0.280618
0.88,0.22,1.51355,1.21361,0.299936
0.92,0.22,1.54411,1.22434,0.319774
0.96,0.22,1.57522,1.23516,0.340062
1,0.22,1.60679,1.24608,0.360713
1.04,0.22,1.63871,1.25709,0.381622
1.08,0.22,1.67086,1.2682,0.402659
1.12,0.22,1.70308,1.27941,0.42367
1.16,0.22,1.73519,1.29072,0.444474
1.2,0.22,1.76699,1.30213,0.464859
1.24,0.22,1.79821,1.31364,0.484576
1.28,0.22,1.82859,1.32525,0.50334
1.32,0.22,1.85779,1.33696,0.520824
1.36,0.22,1.88543,1.34878,0.536652
1.4,0.22,1.9111,1.3607,0.5504
1.44,0.22,1.93431,1.37273,0.561585
1.48,0.22,1.95453,1.38486,0.569666
1.52,0.22,1.97114,1.3971,0.574034
1.56,0.22,1.98346,1.40945,0.57401
1.6,0.22,1.99075,1.42191,0.568839
1.64,0.22,1.99216,1.43448,0.557683
1.68,0.22,1.98677,1.44716,0.539614
1.72,0.22,1.97356,1.45995,0.513613
1.76,0.22,1.9514,1.47285,0.478552
1.8,0.22,1.91907,1.48587,0.433197
1.84,0.22,1.87519,1.499,0.376188
1.88,0.22,1.81829,1.51225,0.306038
1.92,0.22,1.74675,1.52562,0.221128
1.96,0.22,1.65882,1.5391,0.11972
2,0.22,1.55271,1.55271,0
0,0.24,1,1,0
0.04,0.24,1.02097,1.00965,0.0113286
0.08,0.24,1.04194,1.01939,0.0225513
0.12,0.24,1.06296,1.02922,0.0337462
0.16,0.24,1.08414,1.03915,0.0449905
0.2,0.24,1.10553,1.04917,0.0563594
0.24,0.24,1.12722,1.05929,0.0679256
0.28,0.24,1.14927,1.06951,0.0797589
0.32,0.24,1.17175,1.07983,0.0919258
0.36,0.24,1.19473,1.09024,0.104489
0.4,0.24,1.21826,1.10076,0.117506
0.44,0.24,1.24241,1.11138,0.13103
0.48,0.24,1.26721,1.1221,0.14511
0.52,0.24,1.29271,1.13292,0.159788
0.56,0.24,1.31895,1.14385,0.1751
0.6,0.24,1.34596,1.15488,0.191076
0.64,0.24,1.37376,1.16602,0.207738
0.68,0.24,1.40237,1.17727,0.225101
0.72,0.24,1.4318,1.18863,0.243169
0.76,0.24,1.46203,1.20009,0.261938
0.8,0.24,1.49306,1.21167,0.281392
0.84,0.24,1.52486,1.22336,0.301505
0.88,0.24,1.55739,1.23516,0.322234
0.92,0.24,1.5906,1.24707,0.343524
0.96,0.24,1.6244,1.2591,0.365301
1,0.24,1.65872,1.27125,0.387473
1.04,0.24,1.69344,1.28351,0.409925
1.08,0.24,1.72841,1.29589,0.432519
1.12,0.24,1.76348,1.30839,0.45509
1.16,0.24,1.79846,1.32101,0.477444
1.2,0.24,1.83311,1.33376,0.49935
1.24,0.24,1.86717,1.34662,0.520544
1.28,0.24,1.90033,1.35961,0.540716
1.32,0.24,1.93224,1.37273,0.559514
1.36,0.24,1.9625,1.38597,0.576533
1.4,0.24,1.99065,1.39934,0.591314
1.44,0.24,2.01617,1.41284,0.603335
1.48,0.24,2.03848,1.42647,0.612012
1.52,0.24,2.05691,1.44023,0.616685
1.56,0.24,2.07074,1.45412,0.616621
1.6,0.24,2.07915,1.46815,0.611003
1.64,0.24,2.08123,1.48231,0.598925
1.68,0.24,2.076,1.49661,0.579389
1.72,0.24,2.06234,1.51104,0.551298
1.76,0.24,2.03907,1.52562,0.513448
1.8,0.24,2.00486,1.54034,0.464526
1.84,0.24,1.9583,1.55519,0.403103
1.88,0.24,1.89783,1.5702,0.327634
1.92,0.24,1.8218,1.58534,0.236463
1.96,0.24,1.72848,1.60063,0.127847
2,0.24,1.61607,1.61607,0
0,0.26,1,1,0
0.04,0.26,1.02263,1.01045,0.0121745
0.08,0.26,1.04524,1.02102,0.0242178
0.12,0.26,1.06791,1.03169,0.0362153
0.16,0.26,1.09073,1.04248,0.0482506
0.2,0.26,1.11378,1.05338,0.0604056
0.24,0.26,1.13715,1.06439,0.0727592
0.28,0.26,1.1609,1.07552,0.0853874
0.32,0.26,1.18512,1.08676,0.0983621
0.36,0.26,1.20987,1.09812,0.111751
0.4,0.26,1.23522,1.1096,0.125618
0.44,0.26,1.26122,1.1212,0.14002
0.48,0.26,1.28793,1.13292,0.15501
0.52,0.26,1.3154,1.14477,0.170633
0.56,0.26,1.34366,1.15673,0.186931
0.6,0.26,1.37276,1.16883,0.203934
0.64,0.26,1.40271,1.18105,0.221667
0.68,0.26,1.43354,1.19339,0.240146
0.72,0.26,1.46525,1.20587,0.259378
0.76,0.26,1.49783,1.21847,0.279359
0.8,0.26,1.53129,1.23121,0.300073
0.84,0.26,1.56558,1.24408,0.321491
0.88,0.26,1.60066,1.25709,0.34357
0.92,0.26,1.63648,1.27023,0.366251
0.96,0.26,1.67297,1.28351,0.389455
1,0.26,1.71002,1.29693,0.413086
1.04,0.26,1.74751,1.31049,0.437022
1.08,0.26,1.7853,1.32419,0.461115
1.12,0.26,1.82322,1.33803,0.485191
1.16,0.26,1.86106,1.35202,0.509041
1.2,0.26,1.89858,1.36615,0.532422
1.24,0.26,1.93548,1.38044,0.555048
1.28,0.26,1.97146,1.39487,0.576591
1.32,0.26,2.00612,1.40945,0.596672
1.36,0.26,2.03904,1.42419,0.614859
1.4,0.26,2.06973,1.43907,0.630659
1.44,0.26,2.09763,1.45412,0.643513
1.48,0.26,2.12211,1.46932,0.652793
1.52,0.26,2.14247,1.48468,0.657792
1.56,0.26,2.15792,1.5002,0.657722
1.6,0.26,2.16759,1.51589,0.651706
1.64,0.26,2.17051,1.53173,0.638774
1.68,0.26,2.1656,1.54775,0.617855
1.72,0.26,2.1517,1.56393,0.587777
1.76,0.26,2.12754,1.58028,0.547261
1.8,0.26,2.09171,1.5968,0.494917
1.84,0.26,2.04274,1.61349,0.429245
1.88,0.26,1.979,1.63036,0.348642
1.92,0.26,1.89881,1.6474,0.25141
1.96,0.26,1.80041,1.66463,0.13579
2,0.26,1.68203,1.68203,0
0,0.28,1,1,0
0.04,0.28,1.02426,1.01126,0.012997
0.08,0.28,1.04849,1.02265,0.0258353
0.12,0.28,1.07278,1.03417,0.0386071
0.16,0.28,1.09722,1.04582,0.051403
0.2,0.28,1.12191,1.0576,0.0643113
0.24,0.28,1.14693,1.06951,0.0774175
0.28,0.28,1.17236,1.08156,0.0908034
0.32,0.28,1.19828,1.09374,0.104547
0.36,0.28,1.22478,1.10606,0.118721
0.4,0.28,1.25191,1.11851,0.133394
0.44,0.28,1.27974,1.13111,0.148628
0.48,0.28,1.30833,1.14385,0.164481
0.52,0.28,1.33773,1.15673,0.181001
0.56,0.28,1.36799,1.16976,0.198231
0.6,0.28,1.39914,1.18294,0.216208
0.64,0.28,1.43122,1.19626,0.234957
0.68,0.28,1.46423,1.20973,0.254497
0.72,0.28,1.49819,1.22336,0.274835
0.76,0.28,1.53311,1.23714,0.295968
0.8,0.28,1.56895,1.25107,0.31788
0.84,0.28,1.6057,1.26516,0.340542
0.88,0.28,1.64332,1.27941,0.363908
0.92,0.28,1.68174,1.29382,0.387917
0.96,0.28,1.72088,1.30839,0.412487
1,0.28,1.76065,1.32313,0.437515
1.04,0.28,1.80091,1.33803,0.462874
1.08,0.28,1.84151,1.3531,0.488409
1.12,0.28,1.88228,1.36834,0.513933
1.16,0.28,1.92298,1.38375,0.539228
1.2,0.28,1.96337,1.39934,0.564034
1.24,0.28,2.00315,1.4151,0.58805
1.28,0.28,2.04196,1.43104,0.610927
1.32,0.28,2.07942,1.44716,0.632263
1.36,0.28,2.11505,1.46345,0.651597
1.4,0.28,2.14834,1.47994,0.668405
1.44,0.28,2.1787,1.49661,0.682093
1.48,0.28,2.20545,1.51346,0.691989
1.52,0.28,2.22785,1.53051,0.697342
1.56,0.28,2.24505,1.54775,0.697308
1.6,0.28,2.25613,1.56518,0.690952
1.64,0.28,2.26005,1.58281,0.67724
1.68,0.28,2.25567,1.60063,0.655031
1.72,0.28,2.24174,1.61866,0.62308
1.76,0.28,2.21692,1.63689,0.580029
1.8,0.28,2.17974,1.65533,0.524414
1.84,0.28,2.12864,1.67397,0.454663
1.88,0.28,2.06194,1.69283,0.369109
1.92,0.28,1.9779,1.71189,0.266007
1.96,0.28,1.87474,1.73117,0.143568
2,0.28,1.75067,1.75067,0
0,0.3,1,1,0
0.04,0.3,1.02587,1.01207,0.0137942
0.08,0.3,1.05169,1.02429,0.0273998
0.12,0.3,1.07757,1.03666,0.0409159
0.16,0.3,1.10361,1.04917,0.05444
0.2,0.3,1.1299,1.06184,0.0680672
0.24,0.3,1.15654,1.07466,0.0818892
0.28,0.3,1.18362,1.08763,0.0959941
0.32,0.3,1.21122,1.10076,0.110465
0.36,0.3,1.23943,1.11405,0.125382
0.4,0.3,1.26831,1.1275,0.140816
0.44,0.3,1.29794,1.14111,0.156836
0.48,0.3,1.32839,1.15488,0.173502
0.52,0.3,1.35969,1.16883,0.190867
0.56,0.3,1.39192,1.18294,0.208979
0.6,0.3,1.42509,1.19722,0.227874
0.64,0.3,1.45925,1.21167,0.247583
0.68,0.3,1.49442,1.2263,0.268125
0.72,0.3,1.53061,1.2411,0.289509
0.76,0.3,1.56782,1.25609,0.311733
0.8,0.3,1.60603,1.27125,0.334781
0.84,0.3,1.64522,1.2866,0.358623
0.88,0.3,1.68534,1.30213,0.383212
0.92,0.3,1.72633,1.31785,0.408485
0.96,0.3,1.76811,1.33376,0.434357
1,0.3,1.81058,1.34986,0.46072
1.04,0.3,1.8536,1.36615,0.487441
1.08,0.3,1.897,1.38265,0.514357
1.12,0.3,1.94061,1.39934,0.541274
1.16,0.3,1.98419,1.41623,0.56796
1.2,0.3,2.02747,1.43333,0.594144
1.24,0.3,2.07014,1.45063,0.619507
1.28,0.3,2.11183,1.46815,0.643683
1.32,0.3,2.15211,1.48587,0.666246
1.36,0.3,2.19052,1.50381,0.686709
1.4,0.3,2.22648,1.52196,0.704518
1.44,0.3,2.25938,1.54034,0.719044
1.48,0.3,2.28851,1.55893,0.729575
1.52,0.3,2.31306,1.57775,0.735312
1.56,0.3,2.33216,1.5968,0.735363
1.6,0.3,2.34481,1.61607,0.728733
1.64,0.3,2.34991,1.63558,0.714325
1.68,0.3,2.34626,1.65533,0.690928
1.72,0.3,2.33254,1.67531,0.657224
1.76,0.3,2.30732,1.69554,0.611779
1.8,0.3,2.26906,1.71601,0.55305
1.84,0.3,2.21611,1.73672,0.479392
1.88,0.3,2.14676,1.75769,0.389069
1.92,0.3,2.05919,1.77891,0.280282
1.96,0.3,1.95158,1.80038,0.151198
2,0.3,1.82212,1.82212,0
0,0.32,1,1,0
0.04,0.32,1.02745,1.01288,0.0145643
0.08,0.32,1.05484,1.02593,0.0289075
0.12,0.32,1.08228,1.03915,0.0431359
0.16,0.32,1.10989,1.05253,0.057354
0.2,0.32,1.13776,1.06609,0.0716637
0.24,0.32,1.16599,1.07983,0.0861631
0.28,0.32,1.19468,1.09374,0.100946
0.32,0.32,1.22393,1.10783,0.116103
0.36,0.32,1.25381,1.1221,0.131717
0.4,0.32,1.28442,1.13655,0.147867
0.44,0.32,1.31582,1.15119,0.164623
0.48,0.32,1.34808,1.16602,0.182052
0.52,0.32,1.38126,1.18105,0.20021
0.56,0.32,1.41541,1.19626,0.219148
0.6,0.32,1.45058,1.21167,0.238906
0.64,0.32,1.4868,1.22728,0.259516
0.68,0.32,1.52409,1.24309,0.281
0.72,0.32,1.56247,1.2591,0.303369
0.76,0.32,1.60194,1.27532,0.326621
0.8,0.32,1.64249,1.29175,0.350741
0.84,0.32,1.68409,1.30839,0.375698
0.88,0.32,1.72669,1.32525,0.401445
0.92,0.32,1.77024,1.34232,0.427917
0.96,0.32,1.81464,1.35961,0.455025
1,0.32,1.85979,1.37713,0.482658
1.04,0.32,1.90555,1.39487,0.510678
1.08,0.32,1.95175,1.41284,0.538915
1.12,0.32,1.9982,1.43104,0.567166
1.16,0.32,2.04466,1.44947,0.595191
1.2,0.32,2.09085,1.46815,0.622704
1.24,0.32,2.13643,1.48706,0.649373
1.28,0.32,2.18103,1.50622,0.674811
1.32,0.32,2.22419,1.52562,0.698575
1.36,0.32,2.26542,1.54527,0.720151
1.4,0.32,2.30413,1.56518,0.738956
1.44,0.32,2.33967,1.58534,0.754327
1.48,0.32,2.37128,1.60576,0.765514
1.52,0.32,2.39812,1.62645,0.771675
1.56,0.32,2.41927,1.6474,0.771864
1.6,0.32,2.43366,1.66863,0.765033
1.64,0.32,2.44014,1.69012,0.750019
1.68,0.32,2.43744,1.71189,0.725545
1.72,0.32,2.42416,1.73395,0.690218
1.76,0.32,2.39881,1.75628,0.642526
1.8,0.32,2.35976,1.77891,0.580847
1.84,0.32,2.30528,1.80182,0.503457
1.88,0.32,2.23359,1.82504,0.408549
1.92,0.32,2.1428,1.84855,0.294256
1.96,0.32,2.03105,1.87236,0.158693
2,0.32,1.89648,1.89648,0
0,0.34,1,1,0
0.04,0.34,1.029,1.01369,0.0153051
0.08,0.34,1.05793,1.02757,0.0303544
0.12,0.34,1.0869,1.04164,0.0452612
0.16,0.34,1.11604,1.05591,0.0601373
0.2,0.34,1.14546,1.07037,0.0750911
0.24,0.34,1.17525,1.08502,0.0902276
0.28,0.34,1.20553,1.09988,0.105647
0.32,0.34,1.23638,1.11494,0.121445
0.36,0.34,1.26792,1.13021,0.13771
0.4,0.34,1.30021,1.14568,0.154526
0.44,0.34,1.33334,1.16137,0.171969
0.48,0.34,1.36738,1.17727,0.190109
0.52,0.34,1.4024,1.19339,0.209006
0.56,0.34,1.43845,1.20973,0.228714
0.6,0.34,1.47557,1.2263,0.249276
0.64,0.34,1.51382,1.24309,0.270728
0.68,0.34,1.5532,1.26011,0.293093
0.72,0.34,1.59375,1.27737,0.316383
0.76,0.34,1.63545,1.29486,0.340598
0.8,0.34,1.67831,1.31259,0.365723
0.84,0.34,1.72229,1.33056,0.391729
0.88,0.34,1.76735,1.34878,0.418567
0.92,0.34,1.81342,1.36725,0.44617
0.96,0.34,1.86042,1.38597,0.474447
1,0.34,1.90823,1.40495,0.503285
1.04,0.34,1.95672,1.42419,0.532539
1.08,0.34,2.00572,1.44369,0.562035
1.12,0.34,2.05502,1.46345,0.591562
1.16,0.34,2.10436,1.48349,0.62087
1.2,0.34,2.15347,1.50381,0.649663
1.24,0.34,2.20199,1.5244,0.677594
1.28,0.34,2.24953,1.54527,0.704261
1.32,0.34,2.29563,1.56643,0.729198
1.36,0.34,2.33975,1.58788,0.751872
1.4,0.34,2.38129,1.60962,0.771669
1.44,0.34,2.41956,1.63166,0.787896
1.48,0.34,2.45377,1.65401,0.799765
1.52,0.34,2.48304,1.67665,0.80639
1.56,0.34,2.50639,1.69961,0.806777
1.6,0.34,2.52271,1.72288,0.799823
1.64,0.34,2.53078,1.74648,0.784302
1.68,0.34,2.52926,1.77039,0.75887
1.72,0.34,2.51669,1.79463,0.722057
1.76,0.34,2.49148,1.81921,0.672272
1.8,0.34,2.45193,1.84412,0.607813
1.84,0.34,2.39624,1.86937,0.526873
1.88,0.34,2.32253,1.89496,0.427564
1.92,0.34,2.22886,1.92091,0.307945
1.96,0.34,2.11328,1.94721,0.166062
2,0.34,1.97388,1.97388,0
0,0.36,1,1,0
0.04,0.36,1.03052,1.0145,0.0160148
0.08,0.36,1.06096,1.02922,0.0317364
0.12,0.36,1.09143,1.04415,0.0472857
0.16,0.36,1.12207,1.05929,0.0627815
0.2,0.36,1.15299,1.07466,0.0783394
0.24,0.36,1.18431,1.09024,0.0940708
0.28,0.36,1.21614,1.10606,0.110082
0.32,0.36,1.24857,1.1221,0.126475
0.36,0.36,1.28172,1.13837,0.143344
0.4,0.36,1.31566,1.15488,0.160776
0.44,0.36,1.35049,1.17163,0.178854
0.48,0.36,1.38628,1.18863,0.19765
0.52,0.36,1.4231,1.20587,0.21723
0.56,0.36,1.46101,1.22336,0.23765
0.6,0.36,1.50006,1.2411,0.258957
0.64,0.36,1.54029,1.2591,0.281189
0.68,0.36,1.58174,1.27737,0.30437
0.72,0.36,1.62441,1.29589,0.328517
0.76,0.36,1.66832,1.31469,0.353629
0.8,0.36,1.71345,1.33376,0.379692
0.84,0.36,1.75978,1.3531,0.406678
0.88,0.36,1.80727,1.37273,0.434537
0.92,0.36,1.85584,1.39264,0.463202
0.96,0.36,1.90542,1.41284,0.492579
1,0.36,1.95588,1.43333,0.522553
1.04,0.36,2.00709,1.45412,0.552975
1.08,0.36,2.05888,1.47521,0.583666
1.12,0.36,2.11101,1.49661,0.614409
1.16,0.36,2.16326,1.51831,0.644944
1.2,0.36,2.2153,1.54034,0.674966
1.24,0.36,2.26679,1.56268,0.704115
1.28,0.36,2.31732,1.58534,0.731974
1.32,0.36,2.3664,1.60834,0.75806
1.36,0.36,2.41348,1.63166,0.781815
1.4,0.36,2.45793,1.65533,0.802602
1.44,0.36,2.49904,1.67934,0.819697
1.48,0.36,2.53597,1.7037,0.832275
1.52,0.36,2.56782,1.72841,0.83941
1.56,0.36,2.59354,1.75348,0.84006
1.6,0.36,2.61198,1.77891,0.833067
1.64,0.36,2.62185,1.80471,0.817144
1.68,0.36,2.62176,1.83089,0.790878
1.72,0.36,2.61017,1.85744,0.752724
1.76,0.36,2.58539,1.88438,0.701011
1.8,0.36,2.54566,1.91171,0.633949
1.84,0.36,2.48909,1.93944,0.549645
1.88,0.36,2.41369,1.96757,0.446122
1.92,0.36,2.31747,1.99611,0.321356
1.96,0.36,2.19837,2.02506,0.173311
2,0.36,2.05443,2.05443,0
0,0.38,1,1,0
0.04,0.38,1.03201,1.01532,0.0166911
0.08,0.38,1.06392,1.03087,0.0330493
0.12,0.38,1.09586,1.04666,0.0492031
0.16,0.38,1.12796,1.06269,0.0652786
0.2,0.38,1.16036,1.07896,0.0813983
0.24,0.38,1.19317,1.09549,0.0976805
0.28,0.38,1.2265,1.11227,0.114238
0.32,0.38,1.26048,1.1293,0.131178
0.36,0.38,1.2952,1.1466,0.1486
0.4,0.38,1.33076,1.16416,0.166597
0.44,0.38,1.36725,1.18199,0.185256
0.48,0.38,1.40475,1.20009,0.204653
0.52,0.38,1.44333,1.21847,0.224858
0.56,0.38,1.48307,1.23714,0.245931
0.6,0.38,1.52401,1.25609,0.267921
0.64,0.38,1.56619,1.27532,0.290868
0.68,0.38,1.60966,1.29486,0.314802
0.72,0.38,1.65443,1.31469,0.339737
0.76,0.38,1.7005,1.33482,0.365677
0.8,0.38,1.74788,1.35527,0.392609
0.84,0.38,1.79653,1.37603,0.420504
0.88,0.38,1.84641,1.3971,0.449313
0.92,0.38,1.89747,1.4185,0.478968
0.96,0.38,1.9496,1.44023,0.509374
1,0.38,2.0027,1.46228,0.540413
1.04,0.38,2.05662,1.48468,0.571935
1.08,0.38,2.11118,1.50742,0.603755
1.12,0.38,2.16616,1.53051,0.63565
1.16,0.38,2.2213,1.55395,0.667354
1.2,0.38,2.2763,1.57775,0.698552
1.24,0.38,2.33079,1.60192,0.728874
1.28,0.38,2.38434,1.62645,0.757888
1.32,0.38,2.43646,1.65136,0.785094
1.36,0.38,2.48657,1.67665,0.809916
1.4,0.38,2.53402,1.70233,0.831691
1.44,0.38,2.57807,1.72841,0.849666
1.48,0.38,2.61786,1.75488,0.862983
1.52,0.38,2.65243,1.78176,0.870676
1.56,0.38,2.6807,1.80905,0.871658
1.6,0.38,2.70147,1.83675,0.864715
1.64,0.38,2.71339,1.86489,0.848501
1.68,0.38,2.71498,1.89345,0.821533
1.72,0.38,2.70464,1.92245,0.782192
1.76,0.38,2.68061,1.95189,0.728721
1.8,0.38,2.64103,1.98179,0.659242
1.84,0.38,2.58391,2.01214,0.571767
1.88,0.38,2.50718,2.04296,0.464224
1.92,0.38,2.40874,2.07425,0.334491
1.96,0.38,2.28646,2.10602,0.180443
2,0.38,2.13828,2.13828,0
0,0.4,1,1,0
0.04,0.4,1.03346,1.01613,0.0173319
0.08,0.4,1.06681,1.03252,0.0342888
0.12,0.4,1.10018,1.04917,0.0510069
0.16,0.4,1.13371,1.06609,0.0676198
0.2,0.4,1.16754,1.08329,0.0842573
0.24,0.4,1.2018,1.10076,0.101044
0.28,0.4,1.23661,1.11851,0.1181
0.32,0.4,1.27209,1.13655,0.135536
0.36,0.4,1.30834,1.15488,0.15346
0.4,0.4,1.34548,1.17351,0.171969
0.44,0.4,1.38359,1.19244,0.191153
0.48,0.4,1.42276,1.21167,0.211094
0.52,0.4,1.46308,1.23121,0.231865
0.56,0.4,1.5046,1.25107,0.253528
0.6,0.4,1.54739,1.27125,0.276138
0.64,0.4,1.59149,1.29175,0.299736
0.68,0.4,1.63694,1.31259,0.324354
0.72,0.4,1.68377,1.33376,0.350009
0.76,0.4,1.73198,1.35527,0.376707
0.8,0.4,1.78156,1.37713,0.404435
0.84,0.4,1.8325,1.39934,0.433165
0.88,0.4,1.88476,1.42191,0.46285
0.92,0.4,1.93826,1.44484,0.493421
0.96,0.4,1.99293,1.46815,0.524782
1,0.4,2.04864,1.49182,0.556814
1.04,0.4,2.10525,1.51589,0.589364
1.08,0.4,2.16258,1.54034,0.622243
1.12,0.4,2.2204,1.56518,0.655225
1.16,0.4,2.27846,1.59042,0.688038
1.2,0.4,2.33643,1.61607,0.720357
1.24,0.4,2.39394,1.64214,0.751804
1.28,0.4,2.45056,1.66863,0.781934
1.32,0.4,2.50577,1.69554,0.810232
1.36,0.4,2.55899,1.72288,0.836104
1.4,0.4,2.60954,1.75067,0.858864
1.44,0.4,2.65664,1.77891,0.877732
1.48,0.4,2.69942,1.8076,0.89182
1.52,0.4,2.73688,1.83675,0.900121
1.56,0.4,2.76788,1.86638,0.901505
1.6,0.4,2.79119,1.89648,0.894706
1.64,0.4,2.80539,1.92707,0.878318
1.68,0.4,2.80894,1.95815,0.850788
1.72,0.4,2.80015,1.98973,0.810419
1.76,0.4,2.77719,2.02182,0.75537
1.8,0.4,2.7381,2.05443,0.683667
1.84,0.4,2.68079,2.08757,0.593223
1.88,0.4,2.6031,2.12124,0.481859
1.92,0.4,2.5028,2.15545,0.347348
1.96,0.4,2.37767,2.19022,0.187456
2,0.4,2.22554,2.22554,0
0,0.42,1,1,0
0.04,0.42,1.03488,1.01694,0.0179349
0.08,0.42,1.06962,1.03417,0.0354503
0.12,0.42,1.10438,1.05169,0.0526904
0.16,0.42,1.13931,1.06951,0.0697965
0.2,0.42,1.17453,1.08763,0.0869054
0.24,0.42,1.2102,1.10606,0.104149
0.28,0.42,1.24645,1.12479,0.121652
0.32,0.42,1.28338,1.14385,0.139535
0.36,0.42,1.32114,1.16323,0.157907
0.4,0.42,1.35981,1.18294,0.176872
0.44,0.42,1.3995,1.20298,0.196524
0.48,0.42,1.44031,1.22336,0.216949
0.52,0.42,1.48231,1.24408,0.238224
0.56,0.42,1.52558,1.26516,0.260415
0.6,0.42,1.57017,1.2866,0.283579
0.64,0.42,1.61615,1.30839,0.30776
0.68,0.42,1.66355,1.33056,0.332993
0.72,0.42,1.7124,1.3531,0.359297
0.76,0.42,1.76271,1.37603,0.386679
0.8,0.42,1.81447,1.39934,0.415128
0.84,0.42,1.86767,1.42305,0.444619
0.88,0.42,1.92226,1.44716,0.475103
0.92,0.42,1.97819,1.47167,0.506512
0.96,0.42,2.03536,1.49661,0.538752
1,0.42,2.09366,1.52196,0.571701
1.04,0.42,2.15295,1.54775,0.605204
1.08,0.42,2.21304,1.57397,0.639071
1.12,0.42,2.27371,1.60063,0.673072
1.16,0.42,2.33468,1.62775,0.706929
1.2,0.42,2.39564,1.65533,0.740312
1.24,0.42,2.45621,1.68337,0.772833
1.28,0.42,2.51593,1.71189,0.804037
1.32,0.42,2.57429,1.7409,0.833396
1.36,0.42,2.63069,1.77039,0.860299
1.4,0.42,2.68442,1.80038,0.88404
1.44,0.42,2.7347,1.83089,0.903814
1.48,0.42,2.78061,1.8619,0.918703
1.52,0.42,2.82111,1.89345,0.927664
1.56,0.42,2.85505,1.92553,0.929525
1.6,0.42,2.88112,1.95815,0.922967
1.64,0.42,2.89785,1.99132,0.906526
1.68,0.42,2.90364,2.02506,0.87858
1.72,0.42,2.89672,2.05937,0.837352
1.76,0.42,2.87517,2.09426,0.780913
1.8,0.42,2.83693,2.12974,0.70719
1.84,0.42,2.77981,2.16582,0.613986
1.88,0.42,2.70153,2.20252,0.499012
1.92,0.42,2.59975,2.23983,0.359917
1.96,0.42,2.47212,2.27778,0.194348
2,0.42,2.31637,2.31637,0
0,0.44,1,1,0
0.04,0.44,1.03625,1.01776,0.0184977
0.08,0.44,1.07236,1.03583,0.0365292
0.12,0.44,1.10847,1.05422,0.0542468
0.16,0.44,1.14474,1.07294,0.0717994
0.2,0.44,1.18132,1.09199,0.0893313
0.24,0.44,1.21836,1.11138,0.106981
0.28,0.44,1.25599,1.13111,0.124881
0.32,0.44,1.29435,1.15119,0.143155
0.36,0.44,1.33355,1.17163,0.16192
0.4,0.44,1.37372,1.19244,0.181284
0.44,0.44,1.41496,1.21361,0.201345
0.48,0.44,1.45735,1.23516,0.222193
0.52,0.44,1.501,1.25709,0.243909
0.56,0.44,1.54597,1.27941,0.266563
0.6,0.44,1.59234,1.30213,0.290213
0.64,0.44,1.64016,1.32525,0.314908
0.68,0.44,1.68946,1.34878,0.340683
0.72,0.44,1.74029,1.37273,0.367563
0.76,0.44,1.79265,1.3971,0.395553
0.8,0.44,1.84656,1.42191,0.424647
0.84,0.44,1.90197,1.44716,0.454819
0.88,0.44,1.95887,1.47285,0.486024
0.92,0.44,2.01719,1.499,0.518192
0.96,0.44,2.07685,1.52562,0.55123
1,0.44,2.13772,1.55271,0.585016
1.04,0.44,2.19967,1.58028,0.619395
1.08,0.44,2.26251,1.60834,0.654175
1.12,0.44,2.32602,1.63689,0.689122
1.16,0.44,2.38991,1.66596,0.723956
1.2,0.44,2.45388,1.69554,0.758341
1.24,0.44,2.51753,1.72564,0.791882
1.28,0.44,2.5804,1.75628,0.824115
1.32,0.44,2.64197,1.78747,0.854501
1.36,0.44,2.70162,1.81921,0.882414
1.4,0.44,2.75864,1.85151,0.90713
1.44,0.44,2.8122,1.88438,0.927822
1.48,0.44,2.86138,1.91784,0.943542
1.52,0.44,2.90511,1.95189,0.953216
1.56,0.44,2.94218,1.98655,0.955628
1.6,0.44,2.97124,2.02182,0.949412
1.64,0.44,2.99077,2.05772,0.933044
1.68,0.44,2.99909,2.09426,0.904833
1.72,0.44,2.99437,2.13144,0.862923
1.76,0.44,2.97458,2.16929,0.80529
1.8,0.44,2.93757,2.20781,0.72976
1.84,0.44,2.88103,2.24701,0.63402
1.88,0.44,2.80256,2.28691,0.515655
1.92,0.44,2.69969,2.32751,0.372182
1.96,0.44,2.56995,2.36884,0.201111
2,0.44,2.4109,2.4109,0
0,0.46,1,1,0
0.04,0.46,1.03759,1.01857,0.019018
0.08,0.46,1.07501,1.03749,0.0375207
0.12,0.46,1.11242,1.05675,0.0556688
0.16,0.46,1.15,1.07638,0.0736191
0.2,0.46,1.18789,1.09636,0.0915235
0.24,0.46,1.22625,1.11672,0.109528
0.28,0.46,1.26523,1.13746,0.12777
0.32,0.46,1.30497,1.15859,0.14638
0.36,0.46,1.34558,1.1801,0.165481
0.4,0.46,1.3872,1.20202,0.185184
0.44,0.46,1.42993,1.22434,0.205593
0.48,0.46,1.47388,1.24707,0.226801
0.52,0.46,1.51913,1.27023,0.248893
0.56,0.46,1.56576,1.29382,0.271941
0.6,0.46,1.61386,1.31785,0.296009
0.64,0.46,1.66347,1.34232,0.321145
0.68,0.46,1.71464,1.36725,0.34739
0.72,0.46,1.76741,1.39264,0.374768
0.76,0.46,1.82179,1.4185,0.403289
0.8,0.46,1.87779,1.44484,0.432948
0.84,0.46,1.93539,1.47167,0.46372
0.88,0.46,1.99456,1.499,0.495562
0.92,0.46,2.05525,1.52684,0.528406
0.96,0.46,2.11735,1.55519,0.562159
1,0.46,2.18077,1.58407,0.5967
1.04,0.46,2.24536,1.61349,0.631873
1.08,0.46,2.31094,1.64345,0.667487
1.12,0.46,2.37728,1.67397,0.703304
1.16,0.46,2.4441,1.70506,0.739043
1.2,0.46,2.51109,1.73672,0.774364
1.24,0.46,2.57784,1.76897,0.808867
1.28,0.46,2.64391,1.80182,0.842081
1.32,0.46,2.70874,1.83529,0.873456
1.36,0.46,2.77172,1.86937,0.902354
1.4,0.46,2.83212,1.90408,0.928036
1.44,0.46,2.8891,1.93944,0.949654
1.48,0.46,2.94169,1.97546,0.966235
1.52,0.46,2.98881,2.01214,0.976672
1.56,0.46,3.02922,2.04951,0.979712
1.6,0.46,3.06151,2.08757,0.973941
1.64,0.46,3.08411,2.12634,0.957776
1.68,0.46,3.09528,2.16582,0.929458
1.72,0.46,3.09309,2.20604,0.887048
1.76,0.46,3.07544,2.24701,0.82843
1.8,0.46,3.04005,2.28874,0.751317
1.84,0.46,2.98451,2.33124,0.653276
1.88,0.46,2.90628,2.37453,0.531753
1.92,0.46,2.80275,2.41863,0.384122
1.96,0.46,2.67128,2.46354,0.207736
2,0.46,2.50929,2.50929,0
0,0.48,1,1,0
0.04,0.48,1.03888,1.01939,0.0194932
0.08,0.48,1.07757,1.03915,0.0384198
0.12,0.48,1.11624,1.05929,0.056949
0.16,0.48,1.15507,1.07983,0.0752458
0.2,0.48,1.19423,1.10076,0.0934698
0.24,0.48,1.23387,1.1221,0.111774
0.28,0.48,1.27415,1.14385,0.130302
0.32,0.48,1.31522,1.16602,0.149191
0.36,0.48,1.3572,1.18863,0.168568
0.4,0.48,1.40022,1.21167,0.18855
0.44,0.48,1.4444,1.23516,0.209244
0.48,0.48,1.48985,1.2591,0.230747
0.52,0.48,1.53666,1.28351,0.253148
0.56,0.48,1.58492,1.30839,0.276522
0.6,0.48,1.63469,1.33376,0.300934
0.64,0.48,1.68605,1.35961,0.326439
0.68,0.48,1.73905,1.38597,0.353076
0.72,0.48,1.79371,1.41284,0.380874
0.76,0.48,1.85007,1.44023,0.409845
0.8,0.48,1.90813,1.46815,0.439986
0.84,0.48,1.96788,1.49661,0.471274
0.88,0.48,2.02929,1.52562,0.503667
0.92,0.48,2.09229,1.55519,0.5371
0.96,0.48,2.15682,1.58534,0.571482
1,0.48,2.22276,1.61607,0.60669
1.04,0.48,2.28998,1.6474,0.642572
1.08,0.48,2.35827,1.67934,0.678935
1.12,0.48,2.42744,1.71189,0.715543
1.16,0.48,2.49719,1.74508,0.75211
1.2,0.48,2.56721,1.77891,0.788297
1.24,0.48,2.63709,1.81339,0.823699
1.28,0.48,2.70639,1.84855,0.857839
1.32,0.48,2.77454,1.88438,0.890161
1.36,0.48,2.84093,1.92091,0.920015
1.4,0.48,2.9048,1.95815,0.94665
1.44,0.48,2.96531,1.99611,0.969199
1.48,0.48,3.02147,2.03481,0.986667
1.52,0.48,3.07217,2.07425,0.997918
1.56,0.48,3.11612,2.11446,1.00166
1.6,0.48,3.15189,2.15545,0.996438
1.64,0.48,3.17785,2.19724,0.98061
1.68,0.48,3.19218,2.23983,0.952348
1.72,0.48,3.19288,2.28325,0.909631
1.76,0.48,3.17776,2.32751,0.850244
1.8,0.48,3.14442,2.37263,0.771786
1.84,0.48,3.09032,2.41863,0.671692
1.88,0.48,3.01277,2.46551,0.547261
1.92,0.48,2.90901,2.51331,0.395706
1.96,0.48,2.77624,2.56203,0.21421
2,0.48,2.6117,2.6117,0
0,0.5,1,1,0
0.04,0.5,1.04012,1.0202,0.0199207
0.08,0.5,1.08003,1.04081,0.0392212
0.12,0.5,1.11992,1.06184,0.0580796
0.16,0.5,1.15996,1.08329,0.0766693
0.2,0.5,1.20033,1.10517,0.0951579
0.24,0.5,1.2412,1.1275,0.113705
0.28,0.5,1.28274,1.15027,0.132462
0.32,0.5,1.32508,1.17351,0.15157
0.36,0.5,1.36838,1.19722,0.171162
0.4,0.5,1.41276,1.2214,0.191359
0.44,0.5,1.45835,1.24608,0.212273
0.48,0.5,1.50525,1.27125,0.234005
0.52,0.5,1.55357,1.29693,0.256645
0.56,0.5,1.6034,1.32313,0.280273
0.6,0.5,1.65482,1.34986,0.304956
0.64,0.5,1.70788,1.37713,0.330752
0.68,0.5,1.76265,1.40495,0.357703
0.72,0.5,1.81917,1.43333,0.38584
0.76,0.5,1.87746,1.46228,0.415178
0.8,0.5,1.93754,1.49182,0.445714
0.84,0.5,1.99939,1.52196,0.47743
0.88,0.5,2.06299,1.55271,0.510286
0.92,0.5,2.12829,1.58407,0.544217
0.96,0.5,2.19521,1.61607,0.579135
1,0.5,2.26364,1.64872,0.614921
1.04,0.5,2.33345,1.68203,0.651421
1.08,0.5,2.40445,1.71601,0.688445
1.12,0.5,2.47643,1.75067,0.725757
1.16,0.5,2.54911,1.78604,0.763072
1.2,0.5,2.62217,1.82212,0.800049
1.24,0.5,2.69521,1.85893,0.836281
1.28,0.5,2.76777,1.89648,0.871288
1.32,0.5,2.8393,1.93479,0.904508
1.36,0.5,2.90916,1.97388,0.935284
1.4,0.5,2.97661,2.01375,0.962853
1.44,0.5,3.04077,2.05443,0.986334
1.48,0.5,3.10065,2.09594,1.00471
1.52,0.5,3.1551,2.13828,1.01682
1.56,0.5,3.20282,2.18147,1.02135
1.6,0.5,3.24232,2.22554,1.01677
1.64,0.5,3.27192,2.2705,1.00142
1.68,0.5,3.28975,2.31637,0.973381
1.72,0.5,3.29372,2.36316,0.930556
1.76,0.5,3.28153,2.4109,0.870628
1.8,0.5,3.25068,2.4596,0.791075
1.84,0.5,3.19848,2.50929,0.689194
1.88,0.5,3.1221,2.55998,0.562124
1.92,0.5,3.0186,2.6117,0.4069
1.96,0.5,2.88497,2.66446,0.220515
2,0.5,2.71828,2.71828,0
0,0.52,1,1,0
0.04,0.52,1.04132,1.02102,0.0202977
0.08,0.52,1.0824,1.04248,0.0399195
0.12,0.52,1.12344,1.06439,0.0590526
0.16,0.52,1.16464,1.08676,0.0778792
0.2,0.52,1.20618,1.1096,0.0965747
0.24,0.52,1.24823,1.13292,0.115306
0.28,0.52,1.29096,1.15673,0.134231
0.32,0.52,1.33454,1.18105,0.153497
0.36,0.52,1.37911,1.20587,0.17324
0.4,0.52,1.4248,1.23121,0.193588
0.44,0.52,1.47175,1.25709,0.214655
0.48,0.52,1.52006,1.28351,0.236546
0.52,0.52,1.56984,1.31049,0.259354
0.56,0.52,1.62119,1.33803,0.283163
0.6,0.52,1.6742,1.36615,0.308041
0.64,0.52,1.72892,1.39487,0.33405
0.68,0.52,1.78542,1.42419,0.361233
0.72,0.52,1.84374,1.45412,0.389625
0.76,0.52,1.90392,1.48468,0.419242
0.8,0.52,1.96597,1.51589,0.450085
0.84,0.52,2.02988,1.54775,0.482138
0.88,0.52,2.09564,1.58028,0.515363
0.92,0.52,2.16319,1.61349,0.549698
0.96,0.52,2.23246,1.6474,0.585057
1,0.52,2.30335,1.68203,0.621324
1.04,0.52,2.37573,1.71738,0.658347
1.08,0.52,2.44941,1.75348,0.695938
1.12,0.52,2.52419,1.79033,0.733863
1.16,0.52,2.5998,1.82796,0.771838
1.2,0.52,2.6759,1.86638,0.809522
1.24,0.52,2.75212,1.90561,0.84651
1.28,0.52,2.82798,1.94566,0.882318
1.32,0.52,2.90293,1.98655,0.916382
1.36,0.52,2.97634,2.0283,0.948039
1.4,0.52,3.04745,2.07093,0.976518
1.44,0.52,3.11539,2.11446,1.00093
1.48,0.52,3.17913,2.1589,1.02023
1.52,0.52,3.23752,2.20428,1.03325
1.56,0.52,3.28923,2.25061,1.03862
1.6,0.52,3.33271,2.29791,1.0348
1.64,0.52,3.36626,2.34621,1.02006
1.68,0.52,3.38794,2.39552,0.992416
1.72,0.52,3.39556,2.44587,0.94969
1.76,0.52,3.38673,2.49727,0.88946
1.8,0.52,3.35884,2.54976,0.809079
1.84,0.52,3.30905,2.60335,0.705694
1.88,0.52,3.23434,2.65807,0.576273
1.92,0.52,3.13159,2.71394,0.417657
1.96,0.52,2.99761,2.77098,0.22663
2,0.52,2.82922,2.82922,0
0,0.54,1,1,0
0.04,0.54,1.04246,1.02183,0.0206214
0.08,0.54,1.08466,1.04415,0.0405089
0.12,0.54,1.12681,1.06695,0.0598595
0.16,0.54,1.16911,1.09024,0.0788643
0.2,0.54,1.21175,1.11405,0.0977068
0.24,0.54,1.25493,1.13837,0.116561
0.28,0.54,1.29882,1.16323,0.135592
0.32,0.54,1.34358,1.18863,0.154951
0.36,0.54,1.38936,1.21458,0.174782
0.4,0.54,1.43632,1.2411,0.195213
0.44,0.54,1.48457,1.2682,0.216364
0.48,0.54,1.53424,1.29589,0.238344
0.52,0.54,1.58544,1.32419,0.261247
0.56,0.54,1.63826,1.3531,0.28516
0.6,0.54,1.6928,1.38265,0.310155
0.64,0.54,1.74913,1.41284,0.336294
0.68,0.54,1.80731,1.44369,0.363626
0.72,0.54,1.86739,1.47521,0.392185
0.76,0.54,1.92941,1.50742,0.421992
0.8,0.54,1.99338,1.54034,0.453049
0.84,0.54,2.05931,1.57397,0.485344
0.88,0.54,2.12718,1.60834,0.51884
0.92,0.54,2.19693,1.64345,0.553481
0.96,0.54,2.26852,1.67934,0.589181
1,0.54,2.34183,1.71601,0.625828
1.04,0.54,2.41675,1.75348,0.663273
1.08,0.54,2.49309,1.79176,0.701331
1.12,0.54,2.57066,1.83089,0.739772
1.16,0.54,2.64918,1.87086,0.778313
1.2,0.54,2.72833,1.91171,0.816616
1.24,0.54,2.80773,1.95346,0.854276
1.28,0.54,2.88692,1.99611,0.890812
1.32,0.54,2.96535,2.03969,0.925658
1.36,0.54,3.04238,2.08423,0.958147
1.4,0.54,3.11724,2.12974,0.987504
1.44,0.54,3.18907,2.17624,1.01283
1.48,0.54,3.25683,2.22376,1.03307
1.52,0.54,3.31934,2.27232,1.04703
1.56,0.54,3.37525,2.32193,1.05332
1.6,0.54,3.42299,2.37263,1.05036
1.64,0.54,3.4608,2.42444,1.03636
1.68,0.54,3.48667,2.47738,1.00929
1.72,0.54,3.49835,2.53147,0.966881
1.76,0.54,3.49334,2.58674,0.9066
1.8,0.54,3.4689,2.64323,0.825673
1.84,0.54,3.42203,2.70094,0.721088
1.88,0.54,3.34954,2.75992,0.589629
1.92,0.54,3.2481,2.82018,0.427926
1.96,0.54,3.11428,2.88176,0.232528
2,0.54,2.94468,2.94468,0
0,0.56,1,1,0
0.04,0.56,1.04354,1.02265,0.0208886
0.08,0.56,1.0868,1.04582,0.0409835
0.12,0.56,1.13,1.06951,0.0604915
0.16,0.56,1.17335,1.09374,0.079613
0.2,0.56,1.21705,1.11851,0.0985401
0.24,0.56,1.2613,1.14385,0.117454
0.28,0.56,1.30629,1.16976,0.136526
0.32,0.56,1.35217,1.19626,0.155914
0.36,0.56,1.39912,1.22336,0.175763
0.4,0.56,1.44728,1.25107,0.196209
0.44,0.56,1.49679,1.27941,0.217374
0.48,0.56,1.54776,1.30839,0.239369
0.52,0.56,1.60032,1.33803,0.262291
0.56,0.56,1.65457,1.36834,0.28623
0.6,0.56,1.7106,1.39934,0.311261
0.64,0.56,1.76849,1.43104,0.337448
0.68,0.56,1.8283,1.46345,0.36484
0.72,0.56,1.89008,1.49661,0.393477
0.76,0.56,1.95389,1.53051,0.42338
0.8,0.56,2.01973,1.56518,0.454556
0.84,0.56,2.08763,1.60063,0.486993
0.88,0.56,2.15755,1.63689,0.52066
0.92,0.56,2.22947,1.67397,0.555502
0.96,0.56,2.30333,1.71189,0.591438
1,0.56,2.37903,1.75067,0.628358
1.04,0.56,2.45645,1.79033,0.666119
1.08,0.56,2.53543,1.83089,0.704539
1.12,0.56,2.61575,1.87236,0.743391
1.16,0.56,2.69717,1.91477,0.782397
1.2,0.56,2.77937,1.95815,0.821222
1.24,0.56,2.86197,2.00251,0.859465
1.28,0.56,2.94452,2.04787,0.896647
1.32,0.56,3.02646,2.09426,0.932203
1.36,0.56,3.10717,2.1417,0.965468
1.4,0.56,3.18588,2.19022,0.995663
1.44,0.56,3.26171,2.23983,1.02188
1.48,0.56,3.33363,2.29057,1.04306
1.52,0.56,3.40045,2.34246,1.058
1.56,0.56,3.46079,2.39552,1.06527
1.6,0.56,3.51305,2.44978,1.06327
1.64,0.56,3.55543,2.50528,1.05015
1.68,0.56,3.58587,2.56203,1.02384
1.72,0.56,3.60202,2.62007,0.981957
1.76,0.56,3.60131,2.67942,0.921886
1.8,0.56,3.58083,2.74012,0.840711
1.84,0.56,3.53744,2.80219,0.735253
1.88,0.56,3.46776,2.86566,0.602097
1.92,0.56,3.36822,2.93058,0.437641
1.96,0.56,3.23514,2.99696,0.23818
2,0.56,3.06485,3.06485,0
0,0.58,1,1,0
0.04,0.58,1.04457,1.02347,0.0210963
0.08,0.58,1.08883,1.04749,0.0413369
0.12,0.58,1.13302,1.07208,0.0609392
0.16,0.58,1.17736,1.09724,0.0801134
0.2,0.58,1.22206,1.123,0.09906
0.24,0.58,1.26732,1.14935,0.117968
0.28,0.58,1.31334,1.17633,0.137014
0.32,0.58,1.3603,1.20394,0.156362
0.36,0.58,1.40836,1.2322,0.176162
0.4,0.58,1.45767,1.26112,0.196552
0.44,0.58,1.50838,1.29072,0.217657
0.48,0.58,1.56061,1.32101,0.239592
0.52,0.58,1.61448,1.35202,0.262457
0.56,0.58,1.6701,1.38375,0.286341
0.6,0.58,1.72756,1.41623,0.311324
0.64,0.58,1.78694,1.44947,0.337471
0.68,0.58,1.84833,1.48349,0.364835
0.72,0.58,1.91177,1.51831,0.393456
0.76,0.58,1.97731,1.55395,0.423359
0.8,0.58,2.04498,1.59042,0.454553
0.84,0.58,2.11478,1.62775,0.487029
0.88,0.58,2.18672,1.66596,0.520761
0.92,0.58,2.26075,1.70506,0.555695
0.96,0.58,2.33684,1.74508,0.591756
1,0.58,2.41488,1.78604,0.628838
1.04,0.58,2.49476,1.82796,0.666802
1.08,0.58,2.57633,1.87086,0.70547
1.12,0.58,2.6594,1.91477,0.744621
1.16,0.58,2.7437,1.95972,0.783983
1.2,0.58,2.82894,2.00571,0.823226
1.24,0.58,2.91474,2.05279,0.861952
1.28,0.58,3.00066,2.10097,0.899689
1.32,0.58,3.08616,2.15028,0.935876
1.36,0.58,3.1706,2.20075,0.969849
1.4,0.58,3.25324,2.25241,1.00083
1.44,0.58,3.33319,2.30528,1.02791
1.48,0.58,3.40942,2.35938,1.05003
1.52,0.58,3.48072,2.41476,1.06596
1.56,0.58,3.54571,2.47144,1.07427
1.6,0.58,3.60276,2.52945,1.07332
1.64,0.58,3.65004,2.58881,1.06122
1.68,0.58,3.68542,2.64958,1.03584
1.72,0.58,3.70649,2.71177,0.994722
1.76,0.58,3.71055,2.77541,0.935136
1.8,0.58,3.69459,2.84056,0.85403
1.84,0.58,3.65528,2.90723,0.74805
1.88,0.58,3.58903,2.97546,0.613566
1.92,0.58,3.49203,3.0453,0.446729
1.96,0.58,3.36033,3.11678,0.243546
2,0.58,3.18993,3.18993,0
0,0.6,1,1,0
0.04,0.6,1.04553,1.02429,0.021241
0.08,0.6,1.09073,1.04917,0.0415624
0.12,0.6,1.13585,1.07466,0.061193
0.16,0.6,1.18111,1.10076,0.0803528
0.2,0.6,1.22675,1.1275,0.0992512
0.24,0.6,1.27297,1.15488,0.118085
0.28,0.6,1.31997,1.18294,0.137036
0.32,0.6,1.36794,1.21167,0.156274
0.36,0.6,1.41706,1.2411,0.175953
0.4,0.6,1.46746,1.27125,0.196214
0.44,0.6,1.51931,1.30213,0.217186
0.48,0.6,1.57274,1.33376,0.238983
0.52,0.6,1.62786,1.36615,0.26171
0.56,0.6,1.6848,1.39934,0.285458
0.6,0.6,1.74364,1.43333,0.310307
0.64,0.6,1.80447,1.46815,0.336325
0.68,0.6,1.86737,1.50381,0.363567
0.72,0.6,1.93241,1.54034,0.392076
0.76,0.6,1.99963,1.57775,0.421878
0.8,0.6,2.06906,1.61607,0.452986
0.84,0.6,2.14072,1.65533,0.485395
0.88,0.6,2.21462,1.69554,0.51908
0.92,0.6,2.29072,1.73672,0.553993
0.96,0.6,2.36897,1.77891,0.590063
1,0.6,2.44931,1.82212,0.627188
1.04,0.6,2.53161,1.86638,0.665235
1.08,0.6,2.61574,1.91171,0.704031
1.12,0.6,2.70151,1.95815,0.743362
1.16,0.6,2.78868,2.00571,0.782962
1.2,0.6,2.87694,2.05443,0.822508
1.24,0.6,2.96595,2.10434,0.861609
1.28,0.6,3.05525,2.15545,0.8998
1.32,0.6,3.14433,2.20781,0.936525
1.36,0.6,3.23256,2.26144,0.971128
1.4,0.6,3.3192,2.31637,1.00284
1.44,0.6,3.40337,2.37263,1.03074
1.48,0.6,3.48404,2.43026,1.05378
1.52,0.6,3.56001,2.4893,1.07071
1.56,0.6,3.62987,2.54976,1.08011
1.6,0.6,3.69199,2.6117,1.08029
1.64,0.6,3.74449,2.67514,1.06935
1.68,0.6,3.78519,2.74012,1.04508
1.72,0.6,3.81163,2.80667,1.00495
1.76,0.6,3.82099,2.87485,0.94614
1.8,0.6,3.81012,2.94468,0.865438
1.84,0.6,3.77552,3.01621,0.759313
1.88,0.6,3.71338,3.08947,0.623909
1.92,0.6,3.61962,3.16452,0.455101
1.96,0.6,3.48997,3.24138,0.248585
2,0.6,3.32012,3.32012,0
0,0.62,1,1,0
0.04,0.62,1.04643,1.02511,0.021319
0.08,0.62,1.0925,1.05085,0.041653
0.12,0.62,1.13848,1.07724,0.0612423
0.16,0.62,1.1846,1.10429,0.0803177
0.2,0.62,1.23111,1.13202,0.0990976
0.24,0.62,1.27823,1.16044,0.117786
0.28,0.62,1.32615,1.18958,0.136572
0.32,0.62,1.37508,1.21945,0.155628
0.36,0.62,1.42518,1.25007,0.175112
0.4,0.62,1.47663,1.28146,0.19517
0.44,0.62,1.52957,1.31364,0.21593
0.48,0.62,1.58413,1.34662,0.237512
0.52,0.62,1.64046,1.38044,0.260019
0.56,0.62,1.69864,1.4151,0.283545
0.6,0.62,1.7588,1.45063,0.308172
0.64,0.62,1.82103,1.48706,0.333969
0.68,0.62,1.88539,1.5244,0.360993
0.72,0.62,1.95197,1.56268,0.389289
0.76,0.62,2.0208,1.60192,0.418887
0.8,0.62,2.09194,1.64214,0.449801
0.84,0.62,2.1654,1.68337,0.48203
0.88,0.62,2.2412,1.72564,0.515552
0.92,0.62,2.3193,1.76897,0.550325
0.96,0.62,2.39967,1.81339,0.586281
1,0.62,2.48225,1.85893,0.623324
1.04,0.62,2.56693,1.90561,0.661327
1.08,0.62,2.65358,1.95346,0.700123
1.12,0.62,2.74201,2.00251,0.739506
1.16,0.62,2.83201,2.05279,0.779217
1.2,0.62,2.92328,2.10434,0.818941
1.24,0.62,3.01547,2.15718,0.858298
1.28,0.62,3.10817,2.21134,0.89683
1.32,0.62,3.20086,2.26687,0.933991
1.36,0.62,3.29292,2.32379,0.969133
1.4,0.62,3.38363,2.38214,1.00149
1.44,0.62,3.47212,2.44196,1.03016
1.48,0.62,3.55737,2.50328,1.05409
1.52,0.62,3.63817,2.56613,1.07204
1.56,0.62,3.71312,2.63057,1.08255
1.6,0.62,3.78057,2.69662,1.08395
1.64,0.62,3.83862,2.76433,1.07428
1.68,0.62,3.88505,2.83375,1.0513
1.72,0.62,3.91731,2.9049,1.01241
1.76,0.62,3.93251,2.97785,0.954661
1.8,0.62,3.92734,3.05262,0.87472
1.84,0.62,3.89813,3.12927,0.768858
1.88,0.62,3.84082,3.20785,0.632976
1.92,0.62,3.75105,3.2884,0.462655
1.96,0.62,3.62421,3.37097,0.253243
2,0.62,3.45561,3.45561,0
0,0.64,1,1,0
0.04,0.64,1.04726,1.02593,0.0213266
0.08,0.64,1.09413,1.05253,0.041601
0.12,0.64,1.1409,1.07983,0.0610762
0.16,0.64,1.18782,1.10783,0.0799941
0.2,0.64,1.23514,1.13655,0.0985823
0.24,0.64,1.28308,1.16602,0.117052
0.28,0.64,1.33186,1.19626,0.135599
0.32,0.64,1.38168,1.22728,0.154399
0.36,0.64,1.43272,1.2591,0.173614
0.4,0.64,1.48514,1.29175,0.193391
0.44,0.64,1.53911,1.32525,0.213862
0.48,0.64,1.59476,1.35961,0.235146
0.52,0.64,1.65222,1.39487,0.257349
0.56,0.64,1.7116,1.43104,0.280566
0.6,0.64,1.77303,1.46815,0.30488
0.64,0.64,1.83658,1.50622,0.330361
0.68,0.64,1.90234,1.54527,0.357068
0.72,0.64,1.97039,1.58534,0.385048
0.76,0.64,2.04078,1.62645,0.414333
0.8,0.64,2.11357,1.66863,0.444941
0.84,0.64,2.18877,1.71189,0.476873
0.88,0.64,2.2664,1.75628,0.510112
0.92,0.64,2.34644,1.80182,0.544619
0.96,0.64,2.42888,1.84855,0.580332
1,0.64,2.51364,1.89648,0.617161
1.04,0.64,2.60064,1.94566,0.654985
1.08,0.64,2.68975,1.99611,0.693645
1.12,0.64,2.78081,2.04787,0.732942
1.16,0.64,2.8736,2.10097,0.772627
1.2,0.64,2.96785,2.15545,0.812395
1.24,0.64,3.06322,2.21134,0.851876
1.28,0.64,3.15931,2.26868,0.890623
1.32,0.64,3.25562,2.32751,0.928103
1.36,0.64,3.35155,2.38787,0.96368
1.4,0.64,3.44638,2.44978,0.9966
1.44,0.64,3.53928,2.51331,1.02597
1.48,0.64,3.62922,2.57848,1.05074
1.52,0.64,3.71502,2.64534,1.06968
1.56,0.64,3.79527,2.71394,1.08134
1.6,0.64,3.86833,2.78431,1.08402
1.64,0.64,3.93225,2.85651,1.07575
1.68,0.64,3.98481,2.93058,1.05423
1.72,0.64,4.02338,3.00657,1.01681
1.76,0.64,4.04497,3.08453,0.960435
1.8,0.64,4.04614,3.16452,0.881629
1.84,0.64,4.02304,3.24657,0.776467
1.88,0.64,3.97135,3.33076,0.640595
1.92,0.64,3.8864,3.41713,0.469269
1.96,0.64,3.7632,3.50573,0.257461
2,0.64,3.59664,3.59664,0
0,0.66,1,1,0
0.04,0.66,1.04801,1.02675,0.0212595
0.08,0.66,1.09562,1.05422,0.0413984
0.12,0.66,1.1431,1.08242,0.060683
0.16,0.66,1.19074,1.11138,0.079367
0.2,0.66,1.2388,1.14111,0.0976876
0.24,0.66,1.2875,1.17163,0.115864
0.28,0.66,1.33707,1.20298,0.134095
0.32,0.66,1.38772,1.23516,0.152563
0.36,0.66,1.43963,1.2682,0.171432
0.4,0.66,1.49298,1.30213,0.190851
0.44,0.66,1.54791,1.33696,0.210951
0.48,0.66,1.60458,1.37273,0.231855
0.52,0.66,1.66312,1.40945,0.253667
0.56,0.66,1.72364,1.44716,0.276485
0.6,0.66,1.78626,1.48587,0.300391
0.64,0.66,1.85108,1.52562,0.325458
0.68,0.66,1.91818,1.56643,0.351746
0.72,0.66,1.98764,1.60834,0.379303
0.76,0.66,2.05952,1.65136,0.408164
0.8,0.66,2.13389,1.69554,0.438348
0.84,0.66,2.21076,1.7409,0.469862
0.88,0.66,2.29016,1.78747,0.502691
0.92,0.66,2.37209,1.83529,0.536801
0.96,0.66,2.45652,1.88438,0.572135
1,0.66,2.5434,1.93479,0.60861
1.04,0.66,2.63266,1.98655,0.646112
1.08,0.66,2.72418,2.03969,0.68449
1.12,0.66,2.81781,2.09426,0.723554
1.16,0.66,2.91335,2.15028,0.763065
1.2,0.66,3.01054,2.20781,0.80273
1.24,0.66,3.10906,2.26687,0.842191
1.28,0.66,3.20853,2.32751,0.881016
1.32,0.66,3.30846,2.38978,0.918684
1.36,0.66,3.40828,2.45371,0.954575
1.4,0.66,3.5073,2.51935,0.987951
1.44,0.66,3.60468,2.58674,1.01793
1.48,0.66,3.69943,2.65594,1.04349
1.52,0.66,3.79038,2.72699,1.06339
1.56,0.66,3.87614,2.79995,1.0762
1.6,0.66,3.95506,2.87485,1.08021
1.64,0.66,4.02519,2.95176,1.07344
1.68,0.66,4.08427,3.03072,1.05355
1.72,0.66,4.12964,3.1118,1.01784
1.76,0.66,4.1582,3.19504,0.963161
1.8,0.66,4.1664,3.28051,0.885886
1.84,0.66,4.15017,3.36827,0.781896
1.88,0.66,4.10494,3.45838,0.646565
1.92,0.66,4.0257,3.5509,0.474806
1.96,0.66,3.90706,3.64589,0.261167
2,0.66,3.74342,3.74342,0
0,0.68,1,1,0
0.04,0.68,1.04869,1.02757,0.0211134
0.08,0.68,1.09694,1.05591,0.0410364
0.12,0.68,1.14507,1.08502,0.06005
0.16,0.68,1.19336,1.11494,0.0784204
0.2,0.68,1.24208,1.14568,0.0963946
0.24,0.68,1.29147,1.17727,0.114199
0.28,0.68,1.34177,1.20973,0.132037
0.32,0.68,1.39319,1.24309,0.150095
0.36,0.68,1.44591,1.27737,0.168539
0.4,0.68,1.50011,1.31259,0.187518
0.44,0.68,1.55595,1.34878,0.207166
0.48,0.68,1.61357,1.38597,0.227604
0.52,0.68,1.67312,1.42419,0.248938
0.56,0.68,1.73472,1.46345,0.271264
0.6,0.68,1.79847,1.50381,0.294667
0.64,0.68,1.86449,1.54527,0.319219
0.68,0.68,1.93286,1.58788,0.344981
0.72,0.68,2.00367,1.63166,0.372004
0.76,0.68,2.07698,1.67665,0.400324
0.8,0.68,2.15285,1.72288,0.429964
0.84,0.68,2.23132,1.77039,0.460932
0.88,0.68,2.31242,1.81921,0.493218
0.92,0.68,2.39616,1.86937,0.526793
0.96,0.68,2.48252,1.92091,0.561606
1,0.68,2.57146,1.97388,0.59758
1.04,0.68,2.66291,2.0283,0.634608
1.08,0.68,2.75678,2.08423,0.672549
1.12,0.68,2.85292,2.1417,0.711222
1.16,0.68,2.95115,2.20075,0.7504
1.2,0.68,3.05124,2.26144,0.789803
1.24,0.68,3.15288,2.32379,0.829087
1.28,0.68,3.2557,2.38787,0.867834
1.32,0.68,3.35925,2.45371,0.905544
1.36,0.68,3.46298,2.52136,0.941612
1.4,0.68,3.56621,2.59089,0.97532
1.44,0.68,3.66814,2.66233,1.00581
1.48,0.68,3.7678,2.73573,1.03207
1.52,0.68,3.86405,2.81117,1.05288
1.56,0.68,3.9555,2.88868,1.06682
1.6,0.68,4.04053,2.96833,1.0722
1.64,0.68,4.1172,3.05018,1.06702
1.68,0.68,4.18322,3.13428,1.04893
1.72,0.68,4.23587,3.2207,1.01517
1.76,0.68,4.27201,3.30951,0.962503
1.8,0.68,4.28794,3.40076,0.887174
1.84,0.68,4.2794,3.49453,0.784861
1.88,0.68,4.24155,3.59089,0.650657
1.92,0.68,4.169,3.6899,0.479101
1.96,0.68,4.05592,3.79165,0.264278
2,0.68,3.89619,3.89619,0
0,0.7,1,1,0
0.04,0.7,1.04928,1.0284,0.0208833
0.08,0.7,1.0981,1.0576,0.0405055
0.12,0.7,1.14679,1.08763,0.0591638
0.16,0.7,1.19565,1.11851,0.0771375
0.2,0.7,1.24496,1.15027,0.0946834
0.24,0.7,1.29497,1.18294,0.112035
0.28,0.7,1.34593,1.21653,0.129401
0.32,0.7,1.39804,1.25107,0.146969
0.36,0.7,1.4515,1.2866,0.164907
0.4,0.7,1.50649,1.32313,0.183365
0.44,0.7,1.56318,1.3607,0.202476
0.48,0.7,1.6217,1.39934,0.22236
0.52,0.7,1.6822,1.43907,0.243125
0.56,0.7,1.7448,1.47994,0.264865
0.6,0.7,1.80963,1.52196,0.287665
0.64,0.7,1.87678,1.56518,0.311598
0.68,0.7,1.94635,1.60962,0.336726
0.72,0.7,2.01843,1.65533,0.3631
0.76,0.7,2.09309,1.70233,0.390759
0.8,0.7,2.1704,1.75067,0.419728
0.84,0.7,2.2504,1.80038,0.450018
0.88,0.7,2.33313,1.85151,0.481623
0.92,0.7,2.4186,1.90408,0.514519
0.96,0.7,2.50681,1.95815,0.54866
1,0.7,2.59773,2.01375,0.583977
1.04,0.7,2.6913,2.07093,0.62037
1.08,0.7,2.78745,2.12974,0.657708
1.12,0.7,2.88604,2.19022,0.695822
1.16,0.7,2.9869,2.25241,0.734496
1.2,0.7,3.08983,2.31637,0.773463
1.24,0.7,3.19454,2.38214,0.812397
1.28,0.7,3.30068,2.44978,0.850899
1.32,0.7,3.40783,2.51935,0.888485
1.36,0.7,3.51546,2.59089,0.924575
1.4,0.7,3.62293,2.66446,0.958472
1.44,0.7,3.72946,2.74012,0.989345
1.48,0.7,3.83412,2.81792,1.0162
1.52,0.7,3.93579,2.89794,1.03785
1.56,0.7,4.03313,2.98023,1.0529
1.6,0.7,4.12451,3.06485,1.05966
1.64,0.7,4.20803,3.15188,1.05615
1.68,0.7,4.28138,3.24138,1.03999
1.72,0.7,4.34183,3.33342,1.00841
1.76,0.7,4.38616,3.42808,0.958083
1.8,0.7,4.41056,3.52542,0.885134
1.84,0.7,4.41057,3.62553,0.78504
1.88,0.7,4.38108,3.72848,0.652603
1.92,0.7,4.31631,3.83435,0.481963
1.96,0.7,4.20992,3.94323,0.266694
2,0.7,4.0552,4.0552,0
0,0.72,1,1,0
0.04,0.72,1.04978,1.02922,0.0205637
0.08,0.72,1.09909,1.05929,0.0397954
0.12,0.72,1.14825,1.09024,0.0580097
0.16,0.72,1.1976,1.1221,0.0754999
0.2,0.72,1.24742,1.15488,0.092533
0.24,0.72,1.29798,1.18863,0.109349
0.28,0.72,1.34952,1.22336,0.126161
0.32,0.72,1.40226,1.2591,0.143157
0.36,0.72,1.4564,1.29589,0.160507
0.4,0.72,1.51212,1.33376,0.17836
0.44,0.72,1.56958,1.37273,0.196848
0.48,0.72,1.62893,1.41284,0.21609
0.52,0.72,1.69031,1.45412,0.236192
0.56,0.72,1.75386,1.49661,0.257249
0.6,0.72,1.81968,1.54034,0.279345
0.64,0.72,1.88789,1.58534,0.302552
0.68,0.72,1.9586,1.63166,0.326933
0.72,0.72,2.03188,1.67934,0.35254
0.76,0.72,2.10782,1.72841,0.379412
0.8,0.72,2.18649,1.77891,0.407579
0.84,0.72,2.26794,1.83089,0.437052
0.88,0.72,2.35221,1.88438,0.467831
0.92,0.72,2.43934,1.93944,0.499896
0.96,0.72,2.52932,1.99611,0.533208
1,0.72,2.62214,2.05443,0.567703
1.04,0.72,2.71775,2.11446,0.603291
1.08,0.72,2.81609,2.17624,0.639851
1.12,0.72,2.91705,2.23983,0.677224
1.16,0.72,3.02048,2.30528,0.715209
1.2,0.72,3.12619,2.37263,0.753555
1.24,0.72,3.23391,2.44196,0.791951
1.28,0.72,3.34333,2.51331,0.83002
1.32,0.72,3.45404,2.58674,0.867299
1.36,0.72,3.56556,2.66233,0.903235
1.4,0.72,3.67727,2.74012,0.937157
1.44,0.72,3.78844,2.82018,0.968262
1.48,0.72,3.89817,2.90258,0.995589
1.52,0.72,4.00537,2.98739,1.01799
1.56,0.72,4.10875,3.07468,1.03407
1.6,0.72,4.20672,3.16452,1.0422
1.64,0.72,4.29739,3.25698,1.04041
1.68,0.72,4.37847,3.35214,1.02632
1.72,0.72,4.44722,3.45009,0.997135
1.76,0.72,4.50037,3.5509,0.949478
1.8,0.72,4.53401,3.65465,0.879358
1.84,0.72,4.54349,3.76143,0.782061
1.88,0.72,4.52343,3.87134,0.652093
1.92,0.72,4.46762,3.98445,0.48317
1.96,0.72,4.36917,4.10087,0.2683
2,0.72,4.2207,4.2207,0
0,0.74,1,1,0
0.04,0.74,1.05019,1.03004,0.0201489
0.08,0.74,1.09988,1.06099,0.0388948
0.12,0.74,1.14943,1.09286,0.0565717
0.16,0.74,1.19918,1.12569,0.0734879
0.2,0.74,1.24943,1.15951,0.0899208
0.24,0.74,1.30046,1.19435,0.106116
0.28,0.74,1.35252,1.23023,0.12229
0.32,0.74,1.40582,1.26719,0.138632
0.36,0.74,1.46057,1.30526,0.15531
0.4,0.74,1.51694,1.34447,0.172472
0.44,0.74,1.57511,1.38486,0.190249
0.48,0.74,1.63522,1.42647,0.208757
0.52,0.74,1.69742,1.46932,0.228103
0.56,0.74,1.76184,1.51346,0.248377
0.6,0.74,1.82859,1.55893,0.269664
0.64,0.74,1.8978,1.60576,0.292035
0.68,0.74,1.96956,1.65401,0.315552
0.72,0.74,2.04397,1.7037,0.340269
0.76,0.74,2.12111,1.75488,0.366226
0.8,0.74,2.20105,1.8076,0.393453
0.84,0.74,2.28387,1.8619,0.421967
0.88,0.74,2.36961,1.91784,0.451768
0.92,0.74,2.4583,1.97546,0.482844
0.96,0.74,2.54996,2.03481,0.51516
1,0.74,2.6446,2.09594,0.54866
1.04,0.74,2.74216,2.1589,0.583262
1.08,0.74,2.84262,2.22376,0.618856
1.12,0.74,2.94586,2.29057,0.655295
1.16,0.74,3.05178,2.35938,0.692393
1.2,0.74,3.16018,2.43026,0.729915
1.24,0.74,3.27084,2.50328,0.76757
1.28,0.74,3.38348,2.57848,0.805
1.32,0.74,3.49771,2.65594,0.841771
1.36,0.74,3.61309,2.73573,0.877354
1.4,0.74,3.72903,2.81792,0.911111
1.44,0.74,3.84485,2.90258,0.942275
1.48,0.74,3.9597,2.98978,0.969919
1.52,0.74,4.07253,3.0796,0.992931
1.56,0.74,4.18209,3.17212,1.00997
1.6,0.74,4.28685,3.26742,1.01944
1.64,0.74,4.38496,3.36558,1.01938
1.68,0.74,4.47416,3.46669,1.00747
1.72,0.74,4.55172,3.57084,0.980879
1.76,0.74,4.61433,3.67811,0.936215
1.8,0.74,4.658,3.78861,0.869385
1.84,0.74,4.67793,3.90243,0.7755
1.88,0.74,4.66844,4.01967,0.648768
1.92,0.74,4.62289,4.14043,0.482458
1.96,0.74,4.53378,4.26482,0.268956
2,0.74,4.39295,4.39295,0
0,0.76,1,1,0
0.04,0.76,1.0505,1.03087,0.0196321
0.08,0.76,1.10048,1.06269,0.0377909
0.12,0.76,1.15032,1.09549,0.0548323
0.16,0.76,1.20038,1.1293,0.0710805
0.2,0.76,1.25098,1.16416,0.0868227
0.24,0.76,1.3024,1.20009,0.10231
0.28,0.76,1.3549,1.23714,0.11776
0.32,0.76,1.40869,1.27532,0.133363
0.36,0.76,1.46397,1.31469,0.149284
0.4,0.76,1.52094,1.35527,0.165668
0.44,0.76,1.57975,1.3971,0.182645
0.48,0.76,1.64055,1.44023,0.200328
0.52,0.76,1.7035,1.48468,0.218819
0.56,0.76,1.76872,1.53051,0.238209
0.6,0.76,1.83633,1.57775,0.258579
0.64,0.76,1.90645,1.62645,0.280001
0.68,0.76,1.97919,1.67665,0.302535
0.72,0.76,2.05464,1.72841,0.326235
0.76,0.76,2.1329,1.78176,0.351142
0.8,0.76,2.21404,1.83675,0.377288
0.84,0.76,2.29814,1.89345,0.404692
0.88,0.76,2.38525,1.95189,0.433358
0.92,0.76,2.47542,2.01214,0.463278
0.96,0.76,2.56867,2.07425,0.494423
1,0.76,2.66502,2.13828,0.526745
1.04,0.76,2.76445,2.20428,0.560171
1.08,0.76,2.86692,2.27232,0.5946
1.12,0.76,2.97236,2.34246,0.6299
1.16,0.76,3.08066,2.41476,0.665898
1.2,0.76,3.19167,2.4893,0.702377
1.24,0.76,3.3052,2.56613,0.739067
1.28,0.76,3.42098,2.64534,0.775635
1.32,0.76,3.53867,2.72699,0.811672
1.36,0.76,3.65785,2.81117,0.846681
1.4,0.76,3.778,2.89794,0.88006
1.44,0.76,3.89847,2.98739,0.911079
1.48,0.76,4.01846,3.0796,0.938857
1.52,0.76,4.13699,3.17466,0.962327
1.56,0.76,4.25285,3.27265,0.980203
1.6,0.76,4.36459,3.37367,0.990924
1.64,0.76,4.4704,3.4778,0.9926
1.68,0.76,4.56808,3.58515,0.982933
1.72,0.76,4.65494,3.69581,0.959125
1.76,0.76,4.72765,3.80989,0.917764
1.8,0.76,4.78218,3.92749,0.854695
1.84,0.76,4.81359,4.04872,0.764868
1.88,0.76,4.8159,4.17369,0.642208
1.92,0.76,4.78203,4.30252,0.479516
1.96,0.76,4.70382,4.43532,0.268498
2,0.76,4.57223,4.57223,0
0,0.78,1,1,0
0.04,0.78,1.0507,1.03169,0.0190059
0.08,0.78,1.10086,1.06439,0.0364698
0.12,0.78,1.15089,1.09812,0.0527722
0.16,0.78,1.20118,1.13292,0.0682543
0.2,0.78,1.25204,1.16883,0.0832128
0.24,0.78,1.30377,1.20587,0.097903
0.28,0.78,1.35663,1.24408,0.112543
0.32,0.78,1.41083,1.28351,0.127321
0.36,0.78,1.46659,1.32419,0.142398
0.4,0.78,1.52407,1.36615,0.157917
0.44,0.78,1.58345,1.40945,0.174002
0.48,0.78,1.64488,1.45412,0.190765
0.52,0.78,1.70851,1.5002,0.208303
0.56,0.78,1.77445,1.54775,0.226704
0.6,0.78,1.84285,1.5968,0.246048
0.64,0.78,1.91381,1.6474,0.266404
0.68,0.78,1.98744,1.69961,0.287831
0.72,0.78,2.06386,1.75348,0.310383
0.76,0.78,2.14315,1.80905,0.334102
0.8,0.78,2.2254,1.86638,0.359019
0.84,0.78,2.31068,1.92553,0.385157
0.88,0.78,2.39907,1.98655,0.412523
0.92,0.78,2.49062,2.04951,0.441113
0.96,0.78,2.58537,2.11446,0.470904
1,0.78,2.68333,2.18147,0.501855
1.04,0.78,2.78451,2.25061,0.533902
1.08,0.78,2.88889,2.32193,0.566955
1.12,0.78,2.99641,2.39552,0.600895
1.16,0.78,3.107,2.47144,0.635565
1.2,0.78,3.22053,2.54976,0.670767
1.24,0.78,3.33682,2.63057,0.706252
1.28,0.78,3.45565,2.71394,0.741712
1.32,0.78,3.57671,2.79995,0.776768
1.36,0.78,3.69964,2.88868,0.810957
1.4,0.78,3.82394,2.98023,0.843715
1.44,0.78,3.94903,3.07468,0.874357
1.48,0.78,4.07417,3.17212,0.90205
1.52,0.78,4.19844,3.27265,0.925785
1.56,0.78,4.3207,3.37637,0.944335
1.6,0.78,4.43957,3.48337,0.956203
1.64,0.78,4.55333,3.59376,0.959564
1.68,0.78,4.65984,3.70766,0.95218
1.72,0.78,4.75646,3.82516,0.931302
1.76,0.78,4.83992,3.94639,0.893538
1.8,0.78,4.90615,4.07145,0.834696
1.84,0.78,4.95009,4.20049,0.749606
1.88,0.78,4.96553,4.33361,0.631924
1.92,0.78,4.94492,4.47095,0.473976
1.96,0.78,4.87936,4.61264,0.266726
2,0.78,4.75882,4.75882,0
0,0.8,1,1,0
0.04,0.8,1.05078,1.03252,0.0182614
0.08,0.8,1.10101,1.06609,0.0349153
0.12,0.8,1.15113,1.10076,0.0503699
0.16,0.8,1.20154,1.13655,0.0649841
0.2,0.8,1.25257,1.17351,0.0790636
0.24,0.8,1.30454,1.21167,0.0928659
0.28,0.8,1.35768,1.25107,0.106608
0.32,0.8,1.41223,1.29175,0.120473
0.36,0.8,1.46838,1.33376,0.13462
0.4,0.8,1.52631,1.37713,0.149184
0.44,0.8,1.58619,1.42191,0.164286
0.48,0.8,1.64818,1.46815,0.180032
0.52,0.8,1.7124,1.51589,0.196516
0.56,0.8,1.779,1.56518,0.213822
0.6,0.8,1.8481,1.61607,0.232027
0.64,0.8,1.91982,1.66863,0.251196
0.68,0.8,1.99427,1.72288,0.27139
0.72,0.8,2.07157,1.77891,0.292658
0.76,0.8,2.1518,1.83675,0.315044
0.8,0.8,2.23506,1.89648,0.33858
0.84,0.8,2.32144,1.95815,0.36329
0.88,0.8,2.41101,2.02182,0.389184
0.92,0.8,2.50383,2.08757,0.416262
0.96,0.8,2.59996,2.15545,0.444506
1,0.8,2.69942,2.22554,0.473883
1.04,0.8,2.80225,2.29791,0.504337
1.08,0.8,2.90842,2.37263,0.535791
1.12,0.8,3.01792,2.44978,0.568137
1.16,0.8,3.13068,2.52945,0.601236
1.2,0.8,3.2466,2.6117,0.634907
1.24,0.8,3.36555,2.69662,0.668926
1.28,0.8,3.48732,2.78431,0.703011
1.32,0.8,3.61166,2.87485,0.736814
1.36,0.8,3.73824,2.96833,0.769908
1.4,0.8,3.86663,3.06485,0.801774
1.44,0.8,3.99629,3.16452,0.831772
1.48,0.8,4.12655,3.26742,0.859129
1.52,0.8,4.25656,3.37367,0.882897
1.56,0.8,4.38529,3.48337,0.901918
1.6,0.8,4.51142,3.59664,0.914777
1.64,0.8,4.63332,3.71359,0.91973
1.68,0.8,4.74897,3.83435,0.914623
1.72,0.8,4.85582,3.95903,0.896784
1.76,0.8,4.95065,4.08777,0.862877
1.8,0.8,5.02942,4.2207,0.808722
1.84,0.8,5.08701,4.35794,0.729068
1.88,0.8,5.11699,4.49965,0.617342
1.92,0.8,5.11137,4.64597,0.465398
1.96,0.8,5.06044,4.79704,0.263399
2,0.8,4.95303,4.95303,0
0,0.82,1,1,0
0.04,0.82,1.05073,1.03334,0.0173888
0.08,0.82,1.10091,1.0678,0.0331091
0.12,0.82,1.15101,1.1034,0.0476012
0.16,0.82,1.20144,1.1402,0.0612422
0.2,0.82,1.25256,1.17821,0.0743451
0.24,0.82,1.30467,1.2175,0.0871674
0.28,0.82,1.35802,1.2581,0.0999222
0.32,0.82,1.41283,1.30005,0.112788
0.36,0.82,1.46931,1.3434,0.125915
0.4,0.82,1.52762,1.38819,0.139435
0.44,0.82,1.58794,1.43448,0.15346
0.48,0.82,1.6504,1.48231,0.168092
0.52,0.82,1.71515,1.53173,0.183418
0.56,0.82,1.78233,1.58281,0.199521
0.6,0.82,1.85205,1.63558,0.21647
0.64,0.82,1.92445,1.69012,0.234331
0.68,0.82,1.99964,1.74648,0.253159
0.72,0.82,2.07772,1.80471,0.273005
0.76,0.82,2.1588,1.86489,0.293909
0.8,0.82,2.24297,1.92707,0.315905
0.84,0.82,2.33034,1.99132,0.339018
0.88,0.82,2.42098,2.05772,0.363261
0.92,0.82,2.51497,2.12634,0.388636
0.96,0.82,2.61237,2.19724,0.415131
1,0.82,2.71322,2.2705,0.44272
1.04,0.82,2.81756,2.34621,0.471357
1.08,0.82,2.92541,2.42444,0.500974
1.12,0.82,3.03676,2.50528,0.531477
1.16,0.82,3.15156,2.58881,0.562744
1.2,0.82,3.26975,2.67514,0.594614
1.24,0.82,3.39122,2.76433,0.626885
1.28,0.82,3.51581,2.85651,0.659303
1.32,0.82,3.64331,2.95176,0.691556
1.36,0.82,3.77343,3.05018,0.723254
1.4,0.82,3.90581,3.15188,0.753922
1.44,0.82,4.03996,3.25698,0.782978
1.48,0.82,4.17528,3.36558,0.809705
1.52,0.82,4.31103,3.4778,0.83323
1.56,0.82,4.44624,3.59376,0.852476
1.6,0.82,4.57971,3.71359,0.866119
1.64,0.82,4.70994,3.83742,0.872516
1.68,0.82,4.835,3.96537,0.869626
1.72,0.82,4.95248,4.09759,0.854884
1.76,0.82,5.05928,4.23422,0.825054
1.8,0.82,5.15143,4.37541,0.776019
1.84,0.82,5.22381,4.5213,0.702511
1.88,0.82,5.26984,4.67206,0.597783
1.92,0.82,5.28109,4.82784,0.453249
1.96,0.82,5.24704,4.98882,0.258221
2,0.82,5.15517,5.15517,0
0,0.84,1,1,0
0.04,0.84,1.05055,1.03417,0.0163758
0.08,0.84,1.10054,1.06951,0.0310299
0.12,0.84,1.15049,1.10606,0.0444389
0.16,0.84,1.20085,1.14385,0.056998
0.2,0.84,1.25196,1.18294,0.0690249
0.24,0.84,1.30413,1.22336,0.0807744
0.28,0.84,1.35761,1.26516,0.092453
0.32,0.84,1.41262,1.30839,0.104231
0.36,0.84,1.46935,1.3531,0.11625
0.4,0.84,1.52797,1.39934,0.128634
0.44,0.84,1.58864,1.44716,0.141488
0.48,0.84,1.65151,1.49661,0.154906
0.52,0.84,1.71672,1.54775,0.168972
0.56,0.84,1.78439,1.60063,0.183759
0.6,0.84,1.85466,1.65533,0.199335
0.64,0.84,1.92765,1.71189,0.21576
0.68,0.84,2.00348,1.77039,0.233089
0.72,0.84,2.08225,1.83089,0.251367
0.76,0.84,2.16408,1.89345,0.270636
0.8,0.84,2.24908,1.95815,0.290928
0.84,0.84,2.33733,2.02506,0.312268
0.88,0.84,2.42893,2.09426,0.334672
0.92,0.84,2.52397,2.16582,0.358145
0.96,0.84,2.62251,2.23983,0.38268
1,0.84,2.72462,2.31637,0.408258
1.04,0.84,2.83036,2.39552,0.434839
1.08,0.84,2.93974,2.47738,0.462368
1.12,0.84,3.05279,2.56203,0.490764
1.16,0.84,3.1695,2.64958,0.519921
1.2,0.84,3.28981,2.74012,0.549698
1.24,0.84,3.41367,2.83375,0.579918
1.28,0.84,3.54093,2.93058,0.610356
1.32,0.84,3.67145,3.03072,0.640733
1.36,0.84,3.80498,3.13428,0.670702
1.4,0.84,3.94122,3.24138,0.699836
1.44,0.84,4.07975,3.35214,0.727608
1.48,0.84,4.22006,3.46669,0.753372
1.52,0.84,4.36148,3.58515,0.776332
1.56,0.84,4.50316,3.70766,0.795503
1.6,0.84,4.64402,3.83435,0.809666
1.64,0.84,4.78268,3.96537,0.817302
1.68,0.84,4.91738,4.10087,0.816502
1.72,0.84,5.04585,4.241,0.804851
1.76,0.84,5.16518,4.38592,0.779259
1.8,0.84,5.27153,4.53579,0.735736
1.84,0.84,5.35986,4.69079,0.669078
1.88,0.84,5.42352,4.85107,0.572449
1.92,0.84,5.45372,5.01684,0.436885
1.96,0.84,5.43909,5.18827,0.250821
2,0.84,5.36556,5.36556,0
0,0.86,1,1,0
0.04,0.86,1.05021,1.035,0.0152081
0.08,0.86,1.09987,1.07122,0.0286525
0.12,0.86,1.14956,1.10871,0.0408517
0.16,0.86,1.19973,1.14752,0.0522174
0.2,0.86,1.25075,1.18768,0.0630682
0.24,0.86,1.3029,1.22924,0.0736521
0.28,0.86,1.35643,1.27227,0.0841653
0.32,0.86,1.41156,1.31679,0.0947672
0.36,0.86,1.46847,1.36288,0.10559
0.4,0.86,1.52733,1.41058,0.116747
0.44,0.86,1.58828,1.45995,0.128334
0.48,0.86,1.65148,1.51104,0.140438
0.52,0.86,1.71706,1.56393,0.153135
0.56,0.86,1.78516,1.61866,0.166494
0.6,0.86,1.85589,1.67531,0.180576
0.64,0.86,1.92938,1.73395,0.195436
0.68,0.86,2.00576,1.79463,0.211126
0.72,0.86,2.08513,1.85744,0.227688
0.76,0.86,2.16761,1.92245,0.245162
0.8,0.86,2.25331,1.98973,0.263579
0.84,0.86,2.34233,2.05937,0.282965
0.88,0.86,2.43478,2.13144,0.303335
0.92,0.86,2.53074,2.20604,0.324699
0.96,0.86,2.6303,2.28325,0.347053
1,0.86,2.73354,2.36316,0.370382
1.04,0.86,2.84053,2.44587,0.394658
1.08,0.86,2.9513,2.53147,0.419834
1.12,0.86,3.06591,2.62007,0.445842
1.16,0.86,3.18436,2.71177,0.472593
1.2,0.86,3.30664,2.80667,0.499967
1.24,0.86,3.43271,2.9049,0.52781
1.28,0.86,3.5625,3.00657,0.555927
1.32,0.86,3.69587,3.1118,0.584075
1.36,0.86,3.83265,3.2207,0.61195
1.4,0.86,3.9726,3.33342,0.639175
1.44,0.86,4.11537,3.45009,0.665286
1.48,0.86,4.26054,3.57084,0.689707
1.52,0.86,4.40754,3.69581,0.711729
1.56,0.86,4.55563,3.82516,0.730468
1.6,0.86,4.70386,3.95903,0.744826
1.64,0.86,4.85102,4.09759,0.753423
1.68,0.86,4.99552,4.241,0.754515
1.72,0.86,5.1353,4.38943,0.745869
1.76,0.86,5.26766,4.54306,0.724599
1.8,0.86,5.38897,4.70206,0.686917
1.84,0.86,5.4944,4.86662,0.627782
1.88,0.86,5.57734,5.03695,0.540391
1.92,0.86,5.62875,5.21323,0.415515
1.96,0.86,5.63642,5.39569,0.240732
2,0.86,5.58453,5.58453,0
0,0.88,1,1,0
0.04,0.88,1.04969,1.03583,0.0138673
0.08,0.88,1.09888,1.07294,0.0259469
0.12,0.88,1.14818,1.11138,0.0368039
0.16,0.88,1.19806,1.15119,0.0468628
0.2,0.88,1.24888,1.19244,0.0564373
0.24,0.88,1.30092,1.23516,0.0657631
0.28,0.88,1.35443,1.27941,0.0750225
0.32,0.88,1.40961,1.32525,0.0843611
0.36,0.88,1.46663,1.37273,0.0938986
0.4,0.88,1.52564,1.42191,0.103736
0.44,0.88,1.58681,1.47285,0.113961
0.48,0.88,1.65027,1.52562,0.124649
0.52,0.88,1.71615,1.58028,0.13587
0.56,0.88,1.78458,1.63689,0.147684
0.6,0.88,1.85569,1.69554,0.160147
0.64,0.88,1.92959,1.75628,0.17331
0.68,0.88,2.00642,1.81921,0.187218
0.72,0.88,2.08629,1.88438,0.201912
0.76,0.88,2.16932,1.95189,0.217426
0.8,0.88,2.25562,2.02182,0.233792
0.84,0.88,2.34529,2.09426,0.251033
0.88,0.88,2.43846,2.16929,0.269168
0.92,0.88,2.53521,2.24701,0.288205
0.96,0.88,2.63566,2.32751,0.308146
1,0.88,2.73988,2.4109,0.328981
1.04,0.88,2.84796,2.49727,0.350688
1.08,0.88,2.95997,2.58674,0.37323
1.12,0.88,3.07597,2.67942,0.396554
1.16,0.88,3.196,2.77541,0.420585
1.2,0.88,3.32007,2.87485,0.445223
1.24,0.88,3.44818,2.97785,0.470339
1.28,0.88,3.5803,3.08453,0.495769
1.32,0.88,3.71635,3.19504,0.521305
1.36,0.88,3.8562,3.30951,0.546687
1.4,0.88,3.99967,3.42808,0.571592
1.44,0.88,4.14652,3.5509,0.595619
1.48,0.88,4.29638,3.67811,0.61827
1.52,0.88,4.44882,3.80989,0.638926
1.56,0.88,4.6032,3.94639,0.656816
1.6,0.88,4.75875,4.08777,0.670974
1.64,0.88,4.9144,4.23422,0.680178
1.68,0.88,5.0688,4.38592,0.682874
1.72,0.88,5.22011,4.54306,0.677054
1.76,0.88,5.36591,4.70582,0.660093
1.8,0.88,5.5029,4.87441,0.628489
1.84,0.88,5.62653,5.04905,0.577484
1.88,0.88,5.73042,5.22994,0.500479
1.92,0.88,5.80547,5.41731,0.388159
1.96,0.88,5.83875,5.6114,0.227351
2,0.88,5.81244,5.81244,0
0,0.9,1,1,0
0.04,0.9,1.04899,1.03666,0.0123303
0.08,0.9,1.09753,1.07466,0.0228766
0.12,0.9,1.1463,1.11405,0.0322541
0.16,0.9,1.19578,1.15488,0.0408923
0.2,0.9,1.24631,1.19722,0.0490914
0.24,0.9,1.29817,1.2411,0.0570683
0.28,0.9,1.35158,1.2866,0.0649867
0.32,0.9,1.40673,1.33376,0.0729753
0.36,0.9,1.46379,1.38265,0.0811388
0.4,0.9,1.52289,1.43333,0.0895652
0.44,0.9,1.5842,1.48587,0.0983301
0.48,0.9,1.64784,1.54034,0.1075
0.52,0.9,1.71393,1.5968,0.117134
0.56,0.9,1.78262,1.65533,0.127286
0.6,0.9,1.85401,1.71601,0.138005
0.64,0.9,1.92824,1.77891,0.149334
0.68,0.9,2.00543,1.84412,0.161314
0.72,0.9,2.08569,1.91171,0.17398
0.76,0.9,2.16915,1.98179,0.187366
0.8,0.9,2.25593,2.05443,0.201497
0.84,0.9,2.34614,2.12974,0.216398
0.88,0.9,2.43989,2.20781,0.232086
0.92,0.9,2.53731,2.28874,0.248571
0.96,0.9,2.63849,2.37263,0.265856
1,0.9,2.74354,2.4596,0.283938
1.04,0.9,2.85256,2.54976,0.3028
1.08,0.9,2.96564,2.64323,0.322414
1.12,0.9,3.08286,2.74012,0.34274
1.16,0.9,3.20427,2.84056,0.363717
1.2,0.9,3.32995,2.94468,0.385266
1.24,0.9,3.4599,3.05262,0.407282
1.28,0.9,3.59415,3.16452,0.429629
1.32,0.9,3.73265,3.28051,0.452139
1.36,0.9,3.87536,3.40076,0.474595
1.4,0.9,4.02215,3.52542,0.496728
1.44,0.9,4.17285,3.65465,0.518205
1.48,0.9,4.32722,3.78861,0.538606
1.52,0.9,4.4849,3.92749,0.557411
1.56,0.9,4.64542,4.07145,0.573967
1.6,0.9,4.80815,4.2207,0.587453
1.64,0.9,4.97223,4.37541,0.596823
1.68,0.9,5.13653,4.53579,0.600738
1.72,0.9,5.29951,4.70206,0.597456
1.76,0.9,5.45908,4.87441,0.584668
1.8,0.9,5.61234,5.05309,0.559253
1.84,0.9,5.7552,5.23832,0.516881
1.88,0.9,5.88169,5.43033,0.451362
1.92,0.9,5.98297,5.62938,0.353588
1.96,0.9,6.04561,5.83573,0.20988
2,0.9,6.04965,6.04965,0
0,0.92,1,1,0
0.04,0.92,1.04805,1.03749,0.010566
0.08,0.92,1.09577,1.07638,0.0193964
0.12,0.92,1.14388,1.11672,0.0271542
0.16,0.92,1.19285,1.15859,0.0342593
0.2,0.92,1.243,1.20202,0.0409866
0.24,0.92,1.2946,1.24707,0.0475263
0.28,0.92,1.34784,1.29382,0.0540187
0.32,0.92,1.40289,1.34232,0.060572
0.36,0.92,1.45991,1.39264,0.0672737
0.4,0.92,1.51904,1.44484,0.0741971
0.44,0.92,1.58041,1.499,0.0814048
0.48,0.92,1.64415,1.55519,0.0889523
0.52,0.92,1.71038,1.61349,0.0968887
0.56,0.92,1.77923,1.67397,0.105259
0.6,0.92,1.85083,1.73672,0.114103
0.64,0.92,1.92528,1.80182,0.123459
0.68,0.92,2.00273,1.86937,0.13336
0.72,0.92,2.08328,1.93944,0.143837
0.76,0.92,2.16706,2.01214,0.154918
0.8,0.92,2.2542,2.08757,0.166627
0.84,0.92,2.34481,2.16582,0.178984
0.88,0.92,2.43901,2.24701,0.192005
0.92,0.92,2.53694,2.33124,0.205702
0.96,0.92,2.63871,2.41863,0.22008
1,0.92,2.74443,2.50929,0.235137
1.04,0.92,2.85422,2.60335,0.250863
1.08,0.92,2.96818,2.70094,0.26724
1.12,0.92,3.08642,2.80219,0.284236
1.16,0.92,3.20903,2.90723,0.301806
1.2,0.92,3.3361,3.01621,0.31989
1.24,0.92,3.46768,3.12927,0.338406
1.28,0.92,3.60382,3.24657,0.357249
1.32,0.92,3.74456,3.36827,0.376286
1.36,0.92,3.88988,3.49453,0.395345
1.4,0.92,4.03974,3.62553,0.414215
1.44,0.92,4.19406,3.76143,0.432626
1.48,0.92,4.35268,3.90243,0.450245
1.52,0.92,4.51537,4.04872,0.466651
1.56,0.92,4.6818,4.20049,0.481319
1.6,0.92,4.85152,4.35794,0.493579
1.64,0.92,5.02388,4.5213,0.502579
1.68,0.92,5.198,4.69079,0.507219
1.72,0.92,5.37268,4.86662,0.506055
1.76,0.92,5.54621,5.04905,0.497158
1.8,0.92,5.7162,5.23832,0.477881
1.84,0.92,5.87915,5.43468,0.444477
1.88,0.92,6.02983,5.6384,0.391433
1.92,0.92,6.16,5.84976,0.310247
1.96,0.92,6.25627,6.06904,0.187231
2,0.92,6.29654,6.29654,0
0,0.94,1,1,0
0.04,0.94,1.04685,1.03832,0.00853149
0.08,0.94,1.09355,1.0781,0.0154499
0.12,0.94,1.14086,1.11941,0.0214482
0.16,0.94,1.18921,1.1623,0.0269124
0.2,0.94,1.23891,1.20683,0.032076
0.24,0.94,1.29017,1.25307,0.0370941
0.28,0.94,1.34316,1.30109,0.0420778
0.32,0.94,1.39805,1.35094,0.0471122
0.36,0.94,1.45497,1.4027,0.0522654
0.4,0.94,1.51404,1.45645,0.0575941
0.44,0.94,1.5754,1.51225,0.0631471
0.48,0.94,1.63916,1.5702,0.0689671
0.52,0.94,1.70545,1.63036,0.0750927
0.56,0.94,1.77439,1.69283,0.0815585
0.6,0.94,1.84609,1.75769,0.0883965
0.64,0.94,1.92067,1.82504,0.0956358
0.68,0.94,1.99827,1.89496,0.103303
0.72,0.94,2.079,1.96757,0.111424
0.76,0.94,2.16298,2.04296,0.12002
0.8,0.94,2.25035,2.12124,0.129111
0.84,0.94,2.34123,2.20252,0.138713
0.88,0.94,2.43575,2.28691,0.148842
0.92,0.94,2.53404,2.37453,0.159506
0.96,0.94,2.63623,2.46551,0.170712
1,0.94,2.74244,2.55998,0.182461
1.04,0.94,2.85282,2.65807,0.194748
1.08,0.94,2.96748,2.75992,0.20756
1.12,0.94,3.08654,2.86566,0.220877
1.16,0.94,3.21013,2.97546,0.234667
1.2,0.94,3.33836,3.08947,0.248887
1.24,0.94,3.47133,3.20785,0.263479
1.28,0.94,3.60912,3.33076,0.278366
1.32,0.94,3.75183,3.45838,0.293449
1.36,0.94,3.89949,3.59089,0.308605
1.4,0.94,4.05215,3.72848,0.323673
1.44,0.94,4.20979,3.87134,0.338456
1.48,0.94,4.37237,4.01967,0.352703
1.52,0.94,4.53979,4.17369,0.366099
1.56,0.94,4.71185,4.33361,0.378247
1.6,0.94,4.88829,4.49965,0.388641
1.64,0.94,5.06869,4.67206,0.396632
1.68,0.94,5.25245,4.85107,0.401379
1.72,0.94,5.43872,5.03695,0.401771
1.76,0.94,5.62625,5.22994,0.396309
1.8,0.94,5.81324,5.43033,0.382911
1.84,0.94,5.99698,5.6384,0.358581
1.88,0.94,6.17321,5.85444,0.318773
1.92,0.94,6.3349,6.07876,0.256146
1.96,0.94,6.46954,6.31167,0.157869
2,0.94,6.5535,6.5535,0
0,0.96,1,1,0
0.04,0.96,1.04531,1.03915,0.0061648
0.08,0.96,1.09079,1.07983,0.0109655
0.12,0.96,1.13717,1.1221,0.0150712
0.16,0.96,1.18482,1.16602,0.0187948
0.2,0.96,1.23398,1.21167,0.0223098
0.24,0.96,1.28483,1.2591,0.0257266
0.28,0.96,1.33752,1.30839,0.0291227
0.32,0.96,1.39217,1.35961,0.0325568
0.36,0.96,1.44891,1.41284,0.0360759
0.4,0.96,1.50786,1.46815,0.0397187
0.44,0.96,1.56914,1.52562,0.0435189
0.48,0.96,1.63285,1.58534,0.0475058
0.52,0.96,1.69911,1.6474,0.0517059
0.56,0.96,1.76804,1.71189,0.0561434
0.6,0.96,1.83975,1.77891,0.0608403
0.64,0.96,1.91436,1.84855,0.0658172
0.68,0.96,1.992,1.92091,0.0710929
0.72,0.96,2.07279,1.99611,0.0766849
0.76,0.96,2.15686,2.07425,0.0826092
0.8,0.96,2.24433,2.15545,0.0888801
0.84,0.96,2.33534,2.23983,0.09551
0.88,0.96,2.43002,2.32751,0.10251
0.92,0.96,2.52851,2.41863,0.109887
0.96,0.96,2.63096,2.51331,0.117647
1,0.96,2.73749,2.6117,0.125793
1.04,0.96,2.84826,2.71394,0.134322
1.08,0.96,2.96341,2.82018,0.143227
1.12,0.96,3.08308,2.93058,0.152497
1.16,0.96,3.20741,3.0453,0.162113
1.2,0.96,3.33656,3.16452,0.172047
1.24,0.96,3.47066,3.2884,0.182263
1.28,0.96,3.60984,3.41713,0.192711
1.32,0.96,3.75422,3.5509,0.203328
1.36,0.96,3.90393,3.6899,0.214032
1.4,0.96,4.05907,3.83435,0.22472
1.44,0.96,4.21971,3.98445,0.23526
1.48,0.96,4.38592,4.14043,0.245487
1.52,0.96,4.55771,4.30252,0.255192
1.56,0.96,4.73506,4.47095,0.264111
1.6,0.96,4.91787,4.64597,0.271904
1.64,0.96,5.10598,4.82784,0.278138
1.68,0.96,5.29908,5.01684,0.282243
1.72,0.96,5.4967,5.21323,0.283465
1.76,0.96,5.6981,5.41731,0.280782
1.8,0.96,5.90214,5.62938,0.272757
1.84,0.96,6.10705,5.84976,0.257291
1.88,0.96,6.30988,6.07876,0.231122
1.92,0.96,6.50545,6.31672,0.188728
1.96,0.96,6.68354,6.564,0.11954
2,0.96,6.82096,6.82096,0
0,0.98,1,1,0
0.04,0.98,1.04335,1.03998,0.00337145
0.08,0.98,1.08741,1.08156,0.00585297
0.12,0.98,1.13274,1.12479,0.00794931
0.16,0.98,1.17961,1.16976,0.00984565
0.2,0.98,1.22816,1.21653,0.0116358
0.24,0.98,1.27854,1.26516,0.0133776
0.28,0.98,1.33085,1.31574,0.015111
0.32,0.98,1.38521,1.36834,0.016866
0.36,0.98,1.44171,1.42305,0.0186668
0.4,0.98,1.50047,1.47994,0.0205332
0.44,0.98,1.56159,1.5391,0.0224824
0.48,0.98,1.62516,1.60063,0.0245295
0.52,0.98,1.69131,1.66463,0.0266883
0.56,0.98,1.76015,1.73117,0.0289712
0.6,0.98,1.83177,1.80038,0.0313897
0.64,0.98,1.90632,1.87236,0.0339545
0.68,0.98,1.98389,1.94721,0.0366757
0.72,0.98,2.06462,2.02506,0.0395625
0.76,0.98,2.14864,2.10602,0.0426234
0.8,0.98,2.23608,2.19022,0.0458662
0.84,0.98,2.32707,2.27778,0.0492977
0.88,0.98,2.42176,2.36884,0.052924
0.92,0.98,2.52029,2.46354,0.0567498
0.96,0.98,2.62281,2.56203,0.0607785
1,0.98,2.72947,2.66446,0.0650119
1.04,0.98,2.84043,2.77098,0.0694501
1.08,0.98,2.95585,2.88176,0.0740905
1.12,0.98,3.07589,2.99696,0.0789281
1.16,0.98,3.20073,3.11678,0.0839543
1.2,0.98,3.33054,3.24138,0.0891566
1.24,0.98,3.46549,3.37097,0.0945176
1.28,0.98,3.60575,3.50573,0.100014
1.32,0.98,3.7515,3.64589,0.105615
1.36,0.98,3.90293,3.79165,0.111281
1.4,0.98,4.06019,3.94323,0.116961
1.44,0.98,4.22347,4.10087,0.122592
1.48,0.98,4.39291,4.26482,0.128091
1.52,0.98,4.56868,4.43532,0.133355
1.56,0.98,4.75089,4.61264,0.138252
1.6,0.98,4.93966,4.79704,0.142615
1.64,0.98,5.13505,4.98882,0.146225
1.68,0.98,5.33706,5.18827,0.148796
1.72,0.98,5.54564,5.39569,0.149951
1.76,0.98,5.76057,5.6114,0.149168
1.8,0.98,5.98145,5.83573,0.145717
1.84,0.98,6.20755,6.06904,0.138516
1.88,0.98,6.43752,6.31167,0.125853
1.92,0.98,6.66872,6.564,0.104717
1.96,0.98,6.8952,6.82642,0.0687798
2,0.98,7.09933,7.09933,0
0,1,1,1,0
0.04,1,1.04081,1.04081,0
0.08,1,1.08329,1.08329,0
0.12,1,1.1275,1.1275,0
0.16,1,1.17351,1.17351,0
0.2,1,1.2214,1.2214,0
0.24,1,1.27125,1.27125,0
0.28,1,1.32313,1.32313,0
0.32,1,1.37713,1.37713,0
0.36,1,1.43333,1.43333,0
0.4,1,1.49182,1.49182,0
0.44,1,1.55271,1.55271,0
0.48,1,1.61607,1.61607,0
0.52,1,1.68203,1.68203,0
0.56,1,1.75067,1.75067,0
0.6,1,1.82212,1.82212,0
0.64,1,1.89648,1.89648,0
0.68,1,1.97388,1.97388,0
0.72,1,2.05443,2.05443,0
0.76,1,2.13828,2.13828,0
0.8,1,2.22554,2.22554,0
0.84,1,2.31637,2.31637,0
0.88,1,2.4109,2.4109,0
0.92,1,2.50929,2.50929,0
0.96,1,2.6117,2.6117,0
1,1,2.71828,2.71828,0
1.04,1,2.82922,2.82922,0
1.08,1,2.94468,2.94468,0
1.12,1,3.06485,3.06485,0
1.16,1,3.18993,3.18993,0
1.2,1,3.32012,3.32012,0
1.24,1,3.45561,3.45561,0
1.28,1,3.59664,3.59664,0
1.32,1,3.74342,3.74342,0
1.36,1,3.89619,3.89619,0
1.4,1,4.0552,4.0552,0
1.44,1,4.2207,4.2207,0
1.48,1,4.39295,4.39295,0
1.52,1,4.57223,4.57223,0
1.56,1,4.75882,4.75882,0
1.6,1,4.95303,4.95303,0
1.64,1,5.15517,5.15517,0
1.68,1,5.36556,5.36556,0
1.72,1,5.58453,5.58453,0
1.76,1,5.81244,5.81244,0
1.8,1,6.04965,6.04965,0
1.84,1,6.29654,6.29654,0
1.88,1,6.5535,6.5535,0
1.92,1,6.82096,6.82096,0
1.96,1,7.09933,7.09933,0
2,1,7.38906,7.38906,0
